flow,voltage,label
19.27,11.0,2
0.0,0.0,0
0.0,0.0,0
4.93,11.24,2
0.0,0.0,0
7.19,9.22,2
0.84,8.79,2
0.0,0.0,0
0.0,0.0,0
34.91,9.13,2
0.0,0.0,0
24.79,9.34,2
0.0,0.0,0
0.0,0.0,0
40.58,9.28,2
198.94,5.77,1
18.44,9.72,2
4.94,11.21,2
185.44,6.0,1
34.31,9.71,2
255.35,7.39,1
0.0,0.0,0
0.0,0.0,0
179.15,5.85,1
0.0,0.0,0
0.0,0.0,0
155.91,7.61,1
0.0,0.0,0
35.05,10.16,2
0.0,0.0,0
11.18,9.66,2
44.36,10.19,2
209.91,6.48,1
0.0,0.0,0
69.98,5.58,1
21.16,11.24,2
10.29,9.52,2
16.65,8.16,2
179.96,6.29,1
49.48,11.22,2
24.67,10.15,2
47.73,11.28,2
114.76,6.18,1
0.0,0.0,0
0.0,0.0,0
72.77,5.08,1
40.55,11.91,2
0.0,0.0,0
63.75,6.66,1
0.0,0.0,0
290.35,6.86,1
0.0,0.0,0
22.24,10.09,2
95.78,6.01,1
13.92,10.0,2
162.14,7.43,1
0.0,0.0,0
18.69,8.71,2
0.0,0.0,0
27.85,11.71,2
241.74,5.07,1
289.48,7.31,1
0.69,9.11,2
0.0,0.0,0
9.04,11.49,2
17.39,9.52,2
0.0,0.0,0
40.46,11.46,2
170.54,7.1,1
19.85,9.62,2
0.0,0.0,0
62.66,6.18,1
0.0,0.0,0
25.96,8.52,2
45.46,10.75,2
65.37,6.44,1
13.26,9.05,2
77.07,5.02,1
221.86,6.13,1
151.74,5.92,1
10.37,8.92,2
41.19,8.86,2
102.72,7.36,1
0.0,0.0,0
169.96,5.45,1
81.5,5.1,1
84.88,7.49,1
15.63,11.54,2
20.66,8.43,2
116.51,6.16,1
285.07,7.74,1
17.07,10.34,2
0.93,8.62,2
0.0,0.0,0
234.89,5.22,1
0.0,0.0,0
0.0,0.0,0
144.01,5.37,1
0.0,0.0,0
2.66,11.3,2
180.36,7.64,1
282.31,6.37,1
0.0,0.0,0
3.47,11.2,2
132.0,6.83,1
49.08,11.18,2
282.5,6.32,1
108.92,7.12,1
25.56,11.52,2
5.49,9.07,2
43.68,11.06,2
166.12,6.96,1
43.31,10.57,2
201.2,7.06,1
0.0,0.0,0
45.68,8.02,2
35.68,8.11,2
271.68,6.85,1
46.7,11.13,2
24.02,9.93,2
292.42,6.67,1
0.0,0.0,0
0.0,0.0,0
295.19,5.49,1
27.1,9.72,2
24.92,8.55,2
7.82,8.93,2
0.0,0.0,0
18.77,9.8,2
0.0,0.0,0
182.6,5.7,1
0.0,0.0,0
175.06,5.89,1
4.68,10.53,2
68.36,7.49,1
285.12,7.62,1
128.76,7.21,1
0.0,0.0,0
187.83,6.52,1
0.0,0.0,0
266.03,5.63,1
30.91,11.59,2
153.6,5.85,1
120.43,6.91,1
0.0,0.0,0
35.3,9.05,2
201.42,5.28,1
0.0,0.0,0
245.4,5.14,1
33.62,9.47,2
23.38,10.51,2
10.23,8.8,2
13.78,10.43,2
24.22,11.72,2
18.78,11.84,2
84.89,6.32,1
210.0,7.78,1
24.87,11.38,2
230.63,7.73,1
0.0,0.0,0
0.0,0.0,0
118.67,5.29,1
201.6,7.95,1
0.0,0.0,0
11.92,8.4,2
106.83,5.97,1
30.55,8.94,2
35.69,9.0,2
0.0,0.0,0
0.0,0.0,0
2.89,9.14,2
0.0,0.0,0
177.68,5.89,1
0.0,0.0,0
0.0,0.0,0
0.0,0.0,0
0.0,0.0,0
0.0,0.0,0
4.4,11.42,2
0.0,0.0,0
252.28,5.05,1
248.79,7.62,1
137.89,6.18,1
198.47,5.55,1
10.1,10.77,2
125.49,7.35,1
0.0,0.0,0
129.18,6.15,1
0.0,0.0,0
0.0,0.0,0
68.44,7.42,1
14.07,8.13,2
263.02,7.34,1
0.0,0.0,0
23.07,10.37,2
107.79,6.28,1
15.72,9.35,2
14.99,10.56,2
106.02,6.52,1
123.77,7.14,1
152.23,7.17,1
258.88,6.09,1
0.0,0.0,0
0.0,0.0,0
142.5,5.82,1
0.0,0.0,0
0.0,0.0,0
63.45,5.7,1
252.29,6.05,1
30.08,11.11,2
21.97,10.71,2
0.0,0.0,0
0.0,0.0,0
0.0,0.0,0
217.35,6.54,1
0.0,0.0,0
0.0,0.0,0
21.14,11.19,2
0.0,0.0,0
103.32,5.64,1
2.82,11.75,2
24.94,8.27,2
0.0,0.0,0
16.58,12.0,2
29.35,11.2,2
240.92,7.83,1
206.7,5.64,1
0.0,0.0,0
204.18,6.74,1
0.0,0.0,0
30.55,9.91,2
162.11,6.23,1
0.0,0.0,0
5.43,9.2,2
66.7,7.41,1
0.0,0.0,0
37.59,10.66,2
45.21,10.96,2
0.0,0.0,0
24.15,10.77,2
10.88,8.65,2
42.36,8.46,2
41.48,9.35,2
0.0,0.0,0
43.15,11.61,2
20.68,10.05,2
27.48,10.83,2
286.15,6.31,1
0.0,0.0,0
0.0,0.0,0
21.92,8.04,2
17.67,11.53,2
0.0,0.0,0
0.0,0.0,0
113.52,5.02,1
0.0,0.0,0
182.9,5.97,1
18.66,8.46,2
4.19,9.92,2
0.0,0.0,0
251.89,6.15,1
286.0,5.99,1
35.51,9.33,2
159.02,6.37,1
82.16,6.16,1
48.2,10.62,2
260.19,6.07,1
0.0,0.0,0
4.11,11.06,2
213.59,6.65,1
0.0,0.0,0
203.92,5.71,1
46.93,9.24,2
0.0,0.0,0
195.72,6.35,1
0.0,0.0,0
25.73,9.8,2
0.0,0.0,0
263.87,6.57,1
193.89,6.77,1
22.32,8.46,2
41.0,10.47,2
0.0,0.0,0
35.67,8.25,2
0.0,0.0,0
0.0,0.0,0
0.0,0.0,0
233.03,7.58,1
103.27,6.14,1
35.16,8.31,2
8.2,11.57,2
40.24,11.17,2
0.0,0.0,0
217.79,7.93,1
236.59,6.05,1
17.01,11.13,2
0.0,0.0,0
290.62,5.44,1
0.0,0.0,0
0.0,0.0,0
15.22,9.97,2
0.0,0.0,0
0.0,0.0,0
19.36,9.75,2
109.79,5.19,1
18.48,10.49,2
1.11,11.4,2
104.04,6.01,1
275.02,7.11,1
48.41,11.04,2
0.0,0.0,0
141.4,7.22,1
91.51,7.85,1
17.95,8.77,2
31.47,8.7,2
0.0,0.0,0
0.0,0.0,0
15.49,11.08,2
0.0,0.0,0
247.77,6.79,1
264.39,7.9,1
0.0,0.0,0
289.43,8.0,1
33.15,8.61,2
0.0,0.0,0
0.0,0.0,0
2.53,9.7,2
27.69,8.95,2
20.11,10.75,2
188.59,6.2,1
6.88,11.39,2
228.45,7.62,1
0.27,8.71,2
0.0,0.0,0
228.13,6.52,1
0.0,0.0,0
31.77,8.2,2
172.6,7.02,1
49.53,10.08,2
143.22,7.38,1
0.0,0.0,0
136.69,7.87,1
0.0,0.0,0
9.33,11.48,2
15.69,11.36,2
31.3,8.98,2
97.95,7.87,1
0.0,0.0,0
0.0,0.0,0
19.73,9.33,2
0.0,0.0,0
118.73,7.19,1
159.04,7.34,1
267.58,7.02,1
221.99,7.31,1
0.0,0.0,0
105.4,7.68,1
252.7,6.56,1
42.98,9.75,2
117.38,6.15,1
0.0,0.0,0
0.0,0.0,0
0.0,0.0,0
35.48,8.54,2
0.0,0.0,0
0.0,0.0,0
0.0,0.0,0
0.0,0.0,0
0.0,0.0,0
0.0,0.0,0
0.0,0.0,0
213.9,6.12,1
37.19,9.9,2
0.0,0.0,0
18.7,11.65,2
128.17,5.12,1
11.75,9.45,2
0.0,0.0,0
36.89,8.02,2
26.04,8.21,2
19.88,8.48,2
41.7,9.93,2
181.7,5.62,1
43.24,10.2,2
290.82,5.19,1
0.0,0.0,0
0.0,0.0,0
95.79,6.99,1
2.31,11.17,2
278.8,6.93,1
0.0,0.0,0
5.37,8.08,2
47.48,11.03,2
0.0,0.0,0
0.0,0.0,0
39.67,11.29,2
0.0,0.0,0
0.0,0.0,0
21.61,9.97,2
10.01,10.28,2
6.45,8.77,2
143.17,6.29,1
287.35,7.48,1
0.0,0.0,0
91.4,5.45,1
42.03,10.7,2
8.41,10.06,2
0.0,0.0,0
0.0,0.0,0
13.62,10.49,2
35.6,9.08,2
23.82,10.13,2
248.3,6.03,1
0.0,0.0,0
0.0,0.0,0
260.81,7.93,1
99.41,5.19,1
0.0,0.0,0
0.0,0.0,0
0.0,0.0,0
41.28,11.34,2
43.42,10.36,2
21.19,10.91,2
33.56,11.91,2
0.0,0.0,0
0.0,0.0,0
97.99,7.15,1
0.0,0.0,0
260.05,7.88,1
241.37,6.56,1
151.27,5.86,1
0.0,0.0,0
0.98,9.87,2
0.0,0.0,0
17.14,8.7,2
34.51,9.51,2
16.17,9.53,2
39.29,10.71,2
151.23,5.7,1
248.73,6.68,1
0.0,0.0,0
43.88,8.01,2
0.0,0.0,0
93.63,5.48,1
111.29,5.63,1
3.52,11.97,2
0.0,0.0,0
285.46,5.45,1
0.0,0.0,0
233.8,6.47,1
0.0,0.0,0
0.0,0.0,0
32.53,10.77,2
0.0,0.0,0
0.0,0.0,0
284.85,5.23,1
154.62,5.04,1
45.85,8.21,2
250.91,5.15,1
1.8,8.67,2
3.23,8.65,2
16.14,11.24,2
0.0,0.0,0
209.39,5.46,1
0.0,0.0,0
49.99,8.02,2
158.88,5.22,1
0.0,0.0,0
127.04,7.46,1
140.31,7.42,1
196.63,7.02,1
0.0,0.0,0
39.72,10.56,2
46.32,11.31,2
0.0,0.0,0
39.19,8.71,2
0.0,0.0,0
0.0,0.0,0
10.48,10.38,2
127.34,7.38,1
0.0,0.0,0
227.05,7.99,1
135.17,6.49,1
35.16,9.34,2
237.75,6.34,1
0.0,0.0,0
128.71,7.14,1
28.57,9.56,2
153.23,5.7,1
122.64,5.41,1
9.73,11.58,2
0.0,0.0,0
11.57,10.0,2
62.56,6.6,1
0.0,0.0,0
24.92,9.79,2
33.29,11.86,2
0.0,0.0,0
0.0,0.0,0
179.99,6.2,1
16.47,9.26,2
227.56,5.53,1
17.52,11.73,2
178.26,5.38,1
0.0,0.0,0
0.0,0.0,0
109.38,5.2,1
210.99,7.64,1
2.52,8.79,2
20.88,11.29,2
229.93,5.76,1
39.92,9.9,2
40.63,10.33,2
0.0,0.0,0
8.53,9.06,2
166.41,7.65,1
0.0,0.0,0
0.0,0.0,0
136.6,5.69,1
252.19,5.73,1
0.0,0.0,0
0.0,0.0,0
12.15,11.59,2
7.37,11.66,2
223.21,7.72,1
0.03,11.58,2
38.6,8.51,2
37.73,9.62,2
200.0,7.53,1
0.0,0.0,0
0.0,0.0,0
43.13,8.96,2
256.13,5.98,1
29.82,9.11,2
191.71,7.92,1
0.0,0.0,0
212.09,5.11,1
107.65,6.46,1
37.03,10.08,2
40.58,10.37,2
0.0,0.0,0
102.01,7.99,1
0.0,0.0,0
294.3,5.61,1
262.95,7.89,1
294.74,7.33,1
12.82,11.54,2
0.0,0.0,0
0.0,0.0,0
0.0,0.0,0
24.12,9.92,2
127.25,7.19,1
0.0,0.0,0
0.51,11.72,2
30.27,11.97,2
6.87,9.52,2
245.89,6.36,1
0.0,0.0,0
20.35,11.89,2
128.37,7.88,1
0.0,0.0,0
9.67,9.96,2
161.95,6.61,1
270.99,7.9,1
12.74,8.67,2
274.35,5.84,1
178.46,7.99,1
214.43,5.67,1
0.0,0.0,0
0.0,0.0,0
36.15,9.12,2
120.21,6.37,1
0.0,0.0,0
0.0,0.0,0
3.21,8.66,2
245.92,7.86,1
12.18,10.13,2
93.55,7.21,1
0.0,0.0,0
65.06,6.68,1
0.0,0.0,0
102.39,5.63,1
24.67,9.55,2
0.0,0.0,0
0.0,0.0,0
44.84,11.71,2
13.78,11.81,2
0.0,0.0,0
43.41,8.25,2
0.0,0.0,0
150.12,7.81,1
26.68,9.19,2
275.0,7.08,1
0.0,0.0,0
0.0,0.0,0
4.82,8.42,2
261.39,7.35,1
11.49,8.34,2
44.67,10.45,2
49.07,9.15,2
0.0,0.0,0
0.0,0.0,0
0.0,0.0,0
30.04,11.8,2
83.22,5.75,1
181.71,7.0,1
47.09,10.39,2
0.0,0.0,0
241.7,7.21,1
0.0,0.0,0
138.12,7.23,1
98.19,5.21,1
258.83,6.32,1
0.0,0.0,0
247.07,6.49,1
0.0,0.0,0
0.0,0.0,0
0.0,0.0,0
249.84,7.91,1
0.0,0.0,0
269.78,6.44,1
49.06,10.63,2
3.26,11.45,2
0.0,0.0,0
137.86,7.94,1
115.7,6.31,1
272.67,5.84,1
0.0,0.0,0
9.71,10.23,2
0.0,0.0,0
49.52,10.53,2
46.31,10.17,2
26.71,9.33,2
189.45,7.17,1
210.84,7.59,1
46.08,9.18,2
49.57,10.27,2
0.0,0.0,0
33.28,10.68,2
24.92,9.53,2
0.0,0.0,0
213.53,5.92,1
129.83,5.79,1
148.94,5.06,1
124.07,5.7,1
18.77,8.09,2
0.33,8.14,2
0.0,0.0,0
0.0,0.0,0
0.0,0.0,0
78.52,7.09,1
41.71,10.3,2
83.31,6.01,1
0.0,0.0,0
5.34,11.92,2
0.0,0.0,0
0.0,0.0,0
272.64,7.48,1
0.0,0.0,0
0.0,0.0,0
0.0,0.0,0
0.0,0.0,0
26.3,11.35,2
0.0,0.0,0
150.4,6.63,1
0.0,0.0,0
49.57,9.65,2
0.0,0.0,0
0.0,0.0,0
0.0,0.0,0
20.13,8.25,2
269.54,5.03,1
248.44,5.4,1
60.5,7.62,1
2.32,8.16,2
28.88,10.54,2
30.95,10.9,2
144.89,5.82,1
217.15,7.55,1
125.62,5.07,1
290.05,5.9,1
219.62,5.28,1
0.0,0.0,0
127.05,5.76,1
112.77,6.79,1
5.5,10.37,2
0.0,0.0,0
0.0,0.0,0
0.0,0.0,0
14.12,11.2,2
0.0,0.0,0
23.77,8.8,2
257.6,7.27,1
0.0,0.0,0
44.04,8.83,2
0.0,0.0,0
17.27,10.82,2
41.48,11.27,2
159.78,5.94,1
127.14,5.6,1
263.34,5.37,1
0.0,0.0,0
26.05,9.85,2
0.0,0.0,0
0.0,0.0,0
85.06,6.64,1
80.92,6.95,1
0.0,0.0,0
144.2,7.24,1
24.83,8.87,2
20.8,8.94,2
0.0,0.0,0
0.0,0.0,0
117.42,5.5,1
0.0,0.0,0
17.59,8.96,2
0.0,0.0,0
0.0,0.0,0
201.53,7.63,1
237.25,7.16,1
162.93,6.75,1
45.46,11.56,2
37.07,9.32,2
0.0,0.0,0
148.96,5.85,1
42.3,11.43,2
7.6,11.09,2
141.68,7.07,1
38.97,10.11,2
17.88,8.44,2
0.0,0.0,0
212.08,7.37,1
236.87,6.14,1
29.54,10.92,2
0.0,0.0,0
4.97,11.0,2
27.59,11.05,2
0.0,0.0,0
0.0,0.0,0
0.0,0.0,0
157.17,5.29,1
0.0,0.0,0
0.0,0.0,0
27.78,9.97,2
214.36,7.09,1
0.0,0.0,0
295.37,6.5,1
0.0,0.0,0
17.48,8.99,2
77.47,5.86,1
116.77,7.81,1
78.08,6.38,1
216.15,5.46,1
23.45,11.49,2
0.0,0.0,0
0.0,0.0,0
160.77,6.17,1
0.0,0.0,0
11.04,8.73,2
0.0,0.0,0
0.0,0.0,0
230.45,6.13,1
47.36,10.55,2
40.7,9.12,2
0.0,0.0,0
0.0,0.0,0
0.0,0.0,0
45.96,10.49,2
0.0,0.0,0
0.0,0.0,0
1.57,8.58,2
238.79,7.0,1
28.79,11.43,2
5.69,11.33,2
158.94,7.03,1
14.16,9.44,2
113.84,5.17,1
236.65,6.42,1
42.48,9.62,2
0.0,0.0,0
37.98,8.67,2
49.76,11.21,2
102.22,7.4,1
0.0,0.0,0
153.28,5.22,1
0.0,0.0,0
9.18,9.99,2
106.34,6.82,1
21.09,10.19,2
218.34,5.69,1
68.92,5.66,1
44.55,9.85,2
0.0,0.0,0
0.0,0.0,0
0.0,0.0,0
31.53,11.46,2
32.98,10.73,2
2.88,9.07,2
143.33,7.99,1
0.0,0.0,0
73.95,7.92,1
240.41,5.43,1
62.82,6.48,1
24.19,10.12,2
0.0,0.0,0
27.97,11.91,2
119.98,6.71,1
296.12,5.75,1
0.0,0.0,0
171.86,5.4,1
139.12,6.97,1
0.0,0.0,0
0.0,0.0,0
101.25,5.43,1
0.0,0.0,0
4.6,9.52,2
46.76,8.37,2
0.0,0.0,0
191.39,5.98,1
31.37,10.9,2
242.07,6.26,1
44.95,9.87,2
0.0,0.0,0
247.15,7.12,1
4.18,10.59,2
244.28,7.8,1
0.0,0.0,0
155.81,5.96,1
61.2,5.32,1
141.54,5.21,1
0.0,0.0,0
260.83,6.64,1
0.0,0.0,0
0.0,0.0,0
38.48,9.84,2
27.59,8.15,2
63.33,5.99,1
43.82,8.06,2
159.88,6.25,1
235.31,5.41,1
64.76,5.83,1
2.6,10.23,2
33.17,8.92,2
29.12,10.39,2
0.0,0.0,0
0.0,0.0,0
0.0,0.0,0
0.0,0.0,0
0.0,0.0,0
0.0,0.0,0
203.42,5.28,1
0.0,0.0,0
245.78,5.62,1
118.6,6.32,1
0.0,0.0,0
136.99,7.15,1
0.0,0.0,0
125.73,7.91,1
0.0,0.0,0
0.0,0.0,0
8.74,11.29,2
16.83,11.48,2
27.47,10.19,2
0.0,0.0,0
287.18,5.05,1
0.0,0.0,0
159.41,7.23,1
245.9,7.95,1
254.87,5.94,1
30.58,11.21,2
0.0,0.0,0
150.09,7.16,1
200.65,7.01,1
197.81,5.91,1
49.9,10.67,2
31.42,8.43,2
259.61,7.45,1
0.0,0.0,0
8.62,8.17,2
243.54,5.44,1
0.0,0.0,0
78.39,6.2,1
233.97,7.91,1
0.0,0.0,0
110.13,7.05,1
31.83,11.64,2
0.0,0.0,0
287.93,6.01,1
22.88,8.98,2
21.57,8.06,2
0.0,0.0,0
273.5,6.6,1
35.45,9.73,2
279.85,5.66,1
33.35,10.47,2
48.2,9.44,2
43.46,10.15,2
23.83,8.98,2
295.3,7.67,1
0.0,0.0,0
25.39,11.51,2
0.0,0.0,0
36.99,9.4,2
0.0,0.0,0
22.34,11.8,2
0.0,0.0,0
177.83,5.45,1
26.41,11.09,2
0.0,0.0,0
37.81,11.72,2
13.5,8.9,2
9.32,9.05,2
38.37,8.89,2
0.0,0.0,0
238.32,6.77,1
125.05,5.32,1
0.0,0.0,0
0.0,0.0,0
216.03,5.26,1
0.0,0.0,0
99.77,6.71,1
243.61,7.79,1
5.36,9.47,2
135.54,7.17,1
0.0,0.0,0
170.45,6.41,1
0.0,0.0,0
0.0,0.0,0
46.93,9.9,2
6.24,10.74,2
15.98,11.09,2
178.19,7.58,1
0.0,0.0,0
297.36,6.78,1
0.0,0.0,0
13.83,10.31,2
287.06,6.18,1
104.51,6.18,1
29.3,9.23,2
4.46,10.53,2
29.13,11.51,2
147.3,6.71,1
0.0,0.0,0
17.29,9.74,2
21.66,9.52,2
0.0,0.0,0
13.59,11.9,2
85.22,7.1,1
160.56,7.28,1
0.0,0.0,0
196.13,6.96,1
0.0,0.0,0
24.38,9.47,2
0.0,0.0,0
11.85,10.38,2
7.96,8.8,2
0.0,0.0,0
0.0,0.0,0
3.02,10.82,2
18.98,10.44,2
0.0,0.0,0
213.98,6.2,1
0.0,0.0,0
0.0,0.0,0
0.0,0.0,0
0.0,0.0,0
199.95,7.68,1
119.97,7.17,1
236.04,6.16,1
0.0,0.0,0
41.55,11.54,2
32.32,8.93,2
78.6,7.22,1
272.71,5.04,1
0.0,0.0,0
82.16,5.79,1
0.0,0.0,0
114.62,7.5,1
0.0,0.0,0
30.6,8.03,2
206.82,6.02,1
35.2,11.31,2
35.84,8.18,2
34.8,9.72,2
173.49,6.03,1
0.0,0.0,0
107.17,7.87,1
134.7,6.89,1
0.0,0.0,0
0.6,9.52,2
289.38,5.82,1
144.31,7.09,1
1.46,11.69,2
0.41,9.04,2
214.14,7.5,1
0.0,0.0,0
0.0,0.0,0
155.26,7.5,1
164.64,6.71,1
48.36,9.07,2
19.9,9.37,2
66.61,6.72,1
128.54,7.03,1
17.05,11.53,2
0.0,0.0,0
0.0,0.0,0
0.0,0.0,0
47.93,11.02,2
104.47,7.02,1
20.97,10.65,2
0.0,0.0,0
47.64,10.83,2
0.0,0.0,0
42.17,11.18,2
0.0,0.0,0
233.37,6.76,1
40.05,8.86,2
24.42,10.81,2
0.0,0.0,0
284.88,7.58,1
115.6,5.21,1
43.94,11.12,2
29.43,8.81,2
263.3,6.02,1
0.0,0.0,0
39.08,11.92,2
95.01,5.08,1
35.97,10.56,2
35.04,10.13,2
0.0,0.0,0
0.0,0.0,0
293.93,7.87,1
0.0,0.0,0
0.0,0.0,0
1.6,10.33,2
33.47,8.46,2
0.0,0.0,0
117.51,7.98,1
49.74,9.72,2
0.0,0.0,0
32.87,8.32,2
25.28,8.37,2
0.0,0.0,0
0.0,0.0,0
247.5,5.76,1
0.0,0.0,0
0.0,0.0,0
49.76,9.86,2
208.21,7.77,1
155.24,6.18,1
246.05,6.15,1
22.08,8.28,2
0.0,0.0,0
273.65,6.8,1
108.78,7.48,1
47.34,10.3,2
28.85,8.33,2
7.56,10.73,2
169.77,6.43,1
158.29,7.19,1
288.86,5.86,1
176.22,5.58,1
112.59,5.63,1
0.0,0.0,0
1.52,11.0,2
0.0,0.0,0
0.0,0.0,0
0.0,0.0,0
248.34,5.17,1
27.67,10.64,2
0.0,0.0,0
18.01,11.91,2
0.0,0.0,0
28.8,9.82,2
130.71,5.59,1
160.35,6.23,1
0.0,0.0,0
0.0,0.0,0
155.05,6.03,1
5.88,8.8,2
43.49,9.01,2
0.0,0.0,0
0.0,0.0,0
18.98,8.09,2
8.34,9.45,2
204.85,7.75,1
46.84,11.18,2
5.31,10.74,2
105.18,7.67,1
30.82,9.02,2
24.04,10.53,2
0.0,0.0,0
0.0,0.0,0
0.0,0.0,0
87.54,7.12,1
0.0,0.0,0
132.63,7.97,1
139.7,7.3,1
29.98,9.44,2
0.0,0.0,0
130.04,7.73,1
10.81,8.27,2
65.76,6.8,1
176.4,6.81,1
16.55,8.49,2
0.0,0.0,0
257.93,6.69,1
96.73,5.86,1
16.15,8.52,2
137.48,5.56,1
0.0,0.0,0
251.55,5.12,1
135.11,7.28,1
184.29,5.17,1
8.65,11.49,2
33.51,9.34,2
12.35,11.16,2
10.12,11.44,2
0.0,0.0,0
100.84,7.62,1
17.17,10.73,2
9.09,11.6,2
29.93,8.76,2
0.0,0.0,0
171.24,7.14,1
107.56,6.39,1
0.0,0.0,0
158.15,6.2,1
199.66,7.25,1
2.86,11.94,2
298.35,6.85,1
60.33,5.9,1
0.0,0.0,0
35.87,9.16,2
214.8,5.15,1
17.82,8.05,2
0.0,0.0,0
0.0,0.0,0
217.26,7.85,1
156.18,7.24,1
0.0,0.0,0
15.1,10.12,2
95.52,5.89,1
271.58,6.42,1
21.47,9.36,2
294.53,7.49,1
44.42,9.73,2
31.8,9.97,2
16.56,10.84,2
102.27,6.84,1
222.25,7.7,1
3.93,8.88,2
0.0,0.0,0
278.31,5.05,1
0.0,0.0,0
6.82,10.59,2
0.0,0.0,0
18.2,11.46,2
26.93,8.82,2
0.0,0.0,0
0.0,0.0,0
0.0,0.0,0
0.0,0.0,0
157.71,7.74,1
36.29,11.22,2
226.07,6.78,1
40.42,11.31,2
0.0,0.0,0
0.0,0.0,0
0.0,0.0,0
160.0,6.06,1
19.85,11.93,2
0.0,0.0,0
0.0,0.0,0
154.22,7.89,1
18.77,10.07,2
217.28,5.02,1
40.07,8.57,2
86.14,5.04,1
121.02,7.66,1
36.08,10.59,2
142.5,5.81,1
49.3,8.16,2
46.33,10.89,2
236.61,6.72,1
0.0,0.0,0
10.25,9.91,2
0.0,0.0,0
0.0,0.0,0
3.62,11.03,2
141.39,5.25,1
222.81,6.84,1
42.24,11.92,2
237.34,6.73,1
41.89,8.8,2
61.96,7.12,1
9.34,10.48,2
0.0,0.0,0
184.49,7.85,1
0.0,0.0,0
68.6,5.19,1
5.45,9.07,2
6.38,9.03,2
0.0,0.0,0
275.77,6.24,1
12.38,11.47,2
8.47,9.98,2
106.87,7.91,1
44.88,9.16,2
154.82,5.72,1
114.39,5.81,1
127.53,6.01,1
0.0,0.0,0
0.0,0.0,0
0.0,0.0,0
0.0,0.0,0
97.59,5.67,1
225.83,7.51,1
43.17,11.99,2
30.69,11.45,2
134.18,6.62,1
12.75,11.24,2
275.73,5.86,1
0.0,0.0,0
103.93,6.15,1
0.0,0.0,0
0.0,0.0,0
232.26,5.93,1
0.0,0.0,0
2.1,10.44,2
13.43,8.16,2
238.75,5.4,1
26.11,11.7,2
212.06,7.84,1
41.15,10.85,2
190.92,7.58,1
0.0,0.0,0
281.45,6.18,1
43.51,11.66,2
23.62,8.2,2
0.0,0.0,0
291.11,7.91,1
0.0,0.0,0
20.46,9.82,2
268.01,6.47,1
22.46,9.67,2
244.62,6.74,1
42.29,11.09,2
112.86,5.36,1
45.71,8.84,2
0.0,0.0,0
273.76,6.65,1
0.0,0.0,0
92.27,6.32,1
40.32,11.57,2
106.78,6.67,1
0.0,0.0,0
9.56,10.45,2
36.14,8.89,2
191.22,7.71,1
101.53,6.58,1
180.36,7.72,1
143.5,6.48,1
80.76,5.88,1
0.0,0.0,0
0.0,0.0,0
112.83,7.77,1
285.78,5.25,1
0.0,0.0,0
0.0,0.0,0
0.0,0.0,0
11.02,11.24,2
20.6,10.86,2
47.34,9.85,2
101.08,6.73,1
294.45,6.44,1
275.57,5.15,1
0.0,0.0,0
0.0,0.0,0
246.81,7.58,1
38.59,10.4,2
0.0,0.0,0
26.6,8.49,2
49.83,8.57,2
0.0,0.0,0
120.68,6.5,1
86.62,6.67,1
0.0,0.0,0
272.99,5.59,1
258.02,6.8,1
42.0,9.61,2
0.0,0.0,0
0.0,0.0,0
63.01,6.87,1
71.21,6.16,1
16.97,11.11,2
0.0,0.0,0
0.0,0.0,0
0.0,0.0,0
8.13,9.81,2
0.0,0.0,0
15.39,9.82,2
0.0,0.0,0
0.0,0.0,0
125.68,5.06,1
20.52,8.01,2
0.0,0.0,0
18.84,8.26,2
9.25,8.37,2
269.1,6.45,1
31.76,9.47,2
0.0,0.0,0
0.0,0.0,0
219.0,5.88,1
0.0,0.0,0
47.22,9.31,2
27.99,8.97,2
264.05,7.17,1
0.0,0.0,0
19.91,11.65,2
0.0,0.0,0
0.0,0.0,0
210.39,6.1,1
0.0,0.0,0
223.54,6.38,1
0.0,0.0,0
0.0,0.0,0
0.0,0.0,0
0.0,0.0,0
29.88,10.17,2
33.78,9.5,2
0.0,0.0,0
184.81,5.96,1
3.63,10.37,2
0.0,0.0,0
0.0,0.0,0
262.97,5.79,1
0.0,0.0,0
0.0,0.0,0
0.0,0.0,0
47.46,11.91,2
35.46,10.42,2
4.54,8.08,2
0.0,0.0,0
87.43,7.27,1
0.0,0.0,0
225.78,5.24,1
192.2,6.95,1
6.41,9.82,2
18.31,9.26,2
43.94,9.86,2
170.93,7.98,1
249.03,5.61,1
112.65,7.6,1
42.74,9.82,2
0.0,0.0,0
76.67,7.22,1
6.34,10.18,2
0.0,0.0,0
0.0,0.0,0
0.0,0.0,0
27.41,11.04,2
0.0,0.0,0
3.62,11.86,2
32.24,10.92,2
2.9,10.3,2
48.59,10.69,2
37.47,10.99,2
11.11,11.48,2
76.26,6.56,1
0.0,0.0,0
63.84,5.88,1
0.0,0.0,0
45.26,11.55,2
19.82,11.5,2
0.0,0.0,0
138.01,5.6,1
266.84,7.97,1
0.0,0.0,0
139.65,5.78,1
0.0,0.0,0
27.62,9.37,2
40.01,8.2,2
0.0,0.0,0
40.26,9.64,2
269.68,6.14,1
2.11,11.9,2
16.19,11.39,2
249.0,6.15,1
155.63,5.31,1
282.74,6.63,1
13.0,9.59,2
0.0,0.0,0
32.2,11.03,2
5.6,11.18,2
0.0,0.0,0
0.0,0.0,0
0.0,0.0,0
16.42,9.88,2
0.0,0.0,0
0.0,0.0,0
102.35,5.85,1
48.17,10.89,2
0.0,0.0,0
244.42,6.83,1
4.32,10.07,2
225.96,6.27,1
161.17,7.04,1
111.41,6.88,1
0.0,0.0,0
9.14,10.32,2
0.0,0.0,0
117.18,5.78,1
0.0,0.0,0
231.42,5.21,1
6.33,11.87,2
0.0,0.0,0
9.19,9.07,2
0.0,0.0,0
230.63,7.39,1
224.2,7.91,1
5.36,8.38,2
36.57,9.34,2
0.0,0.0,0
196.04,7.04,1
176.15,5.34,1
0.0,0.0,0
1.94,11.97,2
19.01,10.86,2
219.39,5.96,1
0.0,0.0,0
0.0,0.0,0
21.95,10.36,2
43.82,9.88,2
163.45,6.86,1
287.64,5.76,1
25.49,8.6,2
125.37,7.04,1
11.99,10.93,2
0.0,0.0,0
0.0,0.0,0
0.0,0.0,0
27.19,8.11,2
255.41,6.84,1
0.0,0.0,0
44.63,9.63,2
17.62,11.96,2
0.0,0.0,0
178.6,6.58,1
168.99,7.85,1
0.0,0.0,0
0.56,9.57,2
176.95,5.4,1
0.0,0.0,0
0.0,0.0,0
140.07,6.31,1
0.0,0.0,0
266.76,5.15,1
0.0,0.0,0
0.0,0.0,0
116.02,5.41,1
0.0,0.0,0
201.45,8.0,1
0.0,0.0,0
184.9,5.53,1
247.62,5.21,1
45.23,9.6,2
26.22,11.9,2
0.0,0.0,0
171.85,6.11,1
0.0,0.0,0
20.01,8.51,2
0.0,0.0,0
0.0,0.0,0
0.0,0.0,0
114.21,5.49,1
29.13,10.2,2
132.45,5.94,1
0.0,0.0,0
34.98,9.81,2
175.5,5.34,1
0.0,0.0,0
150.33,7.21,1
15.63,11.15,2
0.0,0.0,0
0.0,0.0,0
23.4,8.81,2
0.0,0.0,0
46.3,11.87,2
140.66,7.69,1
0.0,0.0,0
95.02,6.79,1
0.0,0.0,0
74.49,6.87,1
0.0,0.0,0
35.15,10.4,2
0.0,0.0,0
281.62,7.96,1
13.31,9.14,2
28.52,10.36,2
25.84,10.17,2
187.93,5.54,1
0.0,0.0,0
19.63,11.52,2
297.57,5.97,1
26.45,8.25,2
43.77,10.74,2
3.38,8.82,2
0.0,0.0,0
31.54,10.5,2
0.0,0.0,0
0.0,0.0,0
62.52,7.54,1
0.0,0.0,0
0.0,0.0,0
252.38,6.24,1
0.0,0.0,0
0.0,0.0,0
0.0,0.0,0
0.0,0.0,0
207.96,5.11,1
249.36,7.48,1
26.09,9.04,2
208.21,6.48,1
16.75,8.73,2
60.77,6.69,1
1.52,11.37,2
112.87,7.49,1
0.0,0.0,0
0.0,0.0,0
7.65,8.99,2
35.53,10.26,2
1.39,11.1,2
19.3,10.07,2
11.62,9.37,2
0.0,0.0,0
11.94,11.23,2
0.0,0.0,0
35.92,11.92,2
0.0,0.0,0
102.32,7.26,1
197.34,7.25,1
30.2,8.68,2
44.42,10.38,2
2.64,8.06,2
10.25,11.48,2
268.54,7.99,1
266.46,5.09,1
0.0,0.0,0
228.66,6.6,1
0.0,0.0,0
0.0,0.0,0
63.61,5.38,1
0.0,0.0,0
0.0,0.0,0
289.26,5.14,1
0.0,0.0,0
0.0,0.0,0
18.11,8.73,2
28.43,11.63,2
19.88,9.65,2
170.8,5.2,1
2.46,11.27,2
0.0,0.0,0
10.63,8.62,2
35.18,11.75,2
0.0,0.0,0
0.0,0.0,0
24.04,11.9,2
0.0,0.0,0
187.36,5.98,1
44.87,8.53,2
188.01,7.06,1
0.0,0.0,0
0.0,0.0,0
32.87,11.36,2
195.43,5.43,1
146.02,7.92,1
32.42,8.89,2
0.0,0.0,0
286.58,5.01,1
0.0,0.0,0
0.0,0.0,0
2.03,9.53,2
0.0,0.0,0
206.21,5.08,1
38.41,9.57,2
0.0,0.0,0
30.48,10.19,2
83.55,6.39,1
27.37,8.42,2
204.24,6.05,1
281.55,5.16,1
69.24,5.84,1
5.06,10.14,2
0.0,0.0,0
152.63,6.32,1
0.0,0.0,0
12.7,9.81,2
167.07,6.94,1
49.13,10.27,2
45.69,10.22,2
23.28,11.58,2
79.34,5.21,1
23.11,9.35,2
8.12,9.37,2
25.19,9.61,2
231.15,6.53,1
38.08,11.95,2
0.0,0.0,0
150.39,5.24,1
264.78,5.36,1
173.29,7.27,1
187.31,5.9,1
0.0,0.0,0
138.39,7.38,1
0.0,0.0,0
0.0,0.0,0
279.37,7.62,1
0.0,0.0,0
2.87,10.48,2
48.58,8.73,2
248.65,6.44,1
154.62,5.52,1
0.0,0.0,0
0.0,0.0,0
0.0,0.0,0
267.92,6.6,1
0.0,0.0,0
176.08,5.75,1
26.41,8.34,2
178.77,7.02,1
0.0,0.0,0
0.0,0.0,0
0.0,0.0,0
0.0,0.0,0
127.57,6.42,1
49.18,11.41,2
0.0,0.0,0
0.0,0.0,0
16.92,9.57,2
29.23,10.57,2
0.0,0.0,0
65.28,6.52,1
49.83,10.87,2
0.0,0.0,0
7.04,8.83,2
143.42,5.84,1
6.22,9.17,2
41.47,11.72,2
192.16,7.91,1
265.8,7.52,1
0.0,0.0,0
0.0,0.0,0
30.73,9.53,2
254.9,7.94,1
15.16,11.87,2
0.0,0.0,0
42.86,11.36,2
81.97,7.15,1
128.03,7.58,1
0.0,0.0,0
35.45,8.34,2
0.0,0.0,0
0.0,0.0,0
24.91,9.47,2
207.77,6.33,1
46.06,10.17,2
0.0,0.0,0
0.0,0.0,0
222.09,7.55,1
288.34,5.94,1
20.78,8.39,2
33.75,8.6,2
0.0,0.0,0
40.47,8.17,2
242.43,5.78,1
32.55,8.83,2
101.73,7.78,1
0.0,0.0,0
26.04,8.62,2
219.32,7.27,1
144.7,6.13,1
0.0,0.0,0
41.24,9.74,2
14.75,9.07,2
40.75,9.6,2
245.88,7.93,1
14.2,8.53,2
227.83,5.77,1
36.11,11.49,2
42.79,10.96,2
293.63,6.82,1
0.93,11.73,2
33.72,8.95,2
139.69,7.09,1
0.0,0.0,0
6.94,10.13,2
41.74,10.02,2
49.9,10.97,2
0.0,0.0,0
81.19,7.88,1
89.43,6.01,1
17.09,8.85,2
31.86,10.39,2
17.76,8.95,2
124.53,6.17,1
45.85,9.94,2
127.16,7.63,1
0.0,0.0,0
0.0,0.0,0
171.29,5.09,1
0.0,0.0,0
133.08,5.64,1
80.5,7.69,1
65.77,6.68,1
145.98,7.66,1
277.18,6.5,1
0.0,0.0,0
0.0,0.0,0
0.0,0.0,0
0.0,0.0,0
135.68,7.68,1
0.0,0.0,0
265.75,5.42,1
11.09,9.97,2
0.0,0.0,0
0.0,0.0,0
35.72,10.56,2
30.31,9.29,2
297.79,7.72,1
0.0,0.0,0
36.28,11.35,2
0.0,0.0,0
0.0,0.0,0
0.0,0.0,0
185.09,5.0,1
0.0,0.0,0
0.0,0.0,0
24.37,9.74,2
0.0,0.0,0
227.57,6.11,1
272.4,5.15,1
75.07,5.25,1
15.33,8.5,2
39.38,9.0,2
2.18,11.13,2
226.96,6.98,1
12.11,11.12,2
0.0,0.0,0
275.82,5.21,1
204.62,6.2,1
0.0,0.0,0
0.0,0.0,0
21.53,8.9,2
0.0,0.0,0
0.0,0.0,0
24.9,11.25,2
44.62,10.62,2
6.49,9.66,2
0.0,0.0,0
11.86,10.09,2
23.75,8.28,2
299.34,6.86,1
17.98,11.08,2
0.0,0.0,0
0.0,0.0,0
242.36,6.0,1
155.26,5.4,1
210.83,6.19,1
0.0,0.0,0
0.0,0.0,0
83.45,5.01,1
3.34,11.06,2
0.0,0.0,0
0.0,0.0,0
265.35,5.64,1
18.93,8.08,2
0.0,0.0,0
0.0,0.0,0
9.33,11.52,2
108.58,7.08,1
0.0,0.0,0
0.0,0.0,0
49.25,10.75,2
0.0,0.0,0
0.0,0.0,0
0.0,0.0,0
5.93,9.65,2
0.0,0.0,0
185.96,6.98,1
91.57,7.99,1
0.0,0.0,0
0.0,0.0,0
7.46,11.42,2
16.29,10.93,2
212.24,5.96,1
0.0,0.0,0
284.59,7.72,1
11.63,8.17,2
3.97,10.65,2
21.91,8.31,2
0.0,0.0,0
0.0,0.0,0
186.0,6.93,1
0.0,0.0,0
25.85,10.09,2
47.84,11.78,2
255.29,6.25,1
0.0,0.0,0
0.0,0.0,0
0.0,0.0,0
132.38,7.52,1
0.0,0.0,0
0.0,0.0,0
44.56,8.75,2
0.0,0.0,0
11.42,11.09,2
155.05,5.33,1
20.47,8.93,2
0.0,0.0,0
298.32,7.86,1
147.1,7.27,1
0.0,0.0,0
80.15,6.76,1
0.0,0.0,0
0.0,0.0,0
288.08,5.24,1
16.49,10.89,2
161.42,6.16,1
0.0,0.0,0
237.2,7.31,1
0.0,0.0,0
0.0,0.0,0
293.11,5.86,1
0.0,0.0,0
24.33,8.44,2
0.0,0.0,0
0.0,0.0,0
0.0,0.0,0
276.81,7.61,1
139.8,5.33,1
0.0,0.0,0
0.0,0.0,0
105.48,5.99,1
9.39,11.79,2
161.85,6.02,1
28.13,11.3,2
11.6,11.77,2
240.92,5.97,1
0.0,0.0,0
0.0,0.0,0
81.93,5.37,1
0.0,0.0,0
234.82,5.48,1
0.0,0.0,0
15.62,8.41,2
231.5,7.47,1
34.62,11.78,2
14.69,9.35,2
0.0,0.0,0
0.0,0.0,0
243.79,5.62,1
19.8,8.14,2
5.85,11.5,2
157.7,5.93,1
0.0,0.0,0
45.16,10.38,2
0.0,0.0,0
141.22,7.31,1
287.23,7.04,1
6.85,9.55,2
0.0,0.0,0
40.05,10.95,2
269.21,7.05,1
49.18,11.96,2
268.89,7.9,1
19.39,11.95,2
266.78,6.09,1
7.27,8.62,2
252.13,6.17,1
282.77,6.89,1
0.0,0.0,0
15.05,10.56,2
0.74,10.99,2
244.84,7.52,1
276.24,6.77,1
219.17,6.73,1
46.71,10.4,2
21.68,8.09,2
0.0,0.0,0
215.75,6.27,1
287.52,6.81,1
15.03,8.62,2
0.0,0.0,0
278.45,7.94,1
0.0,0.0,0
98.6,6.96,1
41.11,9.11,2
9.2,10.81,2
68.37,6.67,1
0.0,0.0,0
43.06,10.35,2
0.0,0.0,0
20.78,8.72,2
0.0,0.0,0
197.82,6.08,1
45.36,8.94,2
83.97,5.17,1
0.0,0.0,0
218.99,7.14,1
0.4,9.27,2
39.57,11.83,2
36.97,10.46,2
110.35,7.12,1
0.0,0.0,0
101.51,6.52,1
0.0,0.0,0
0.0,0.0,0
147.28,5.81,1
272.48,6.41,1
29.42,11.02,2
0.0,0.0,0
23.69,8.2,2
99.05,5.51,1
0.0,0.0,0
215.93,7.93,1
175.32,7.55,1
15.55,11.76,2
277.4,5.03,1
0.0,0.0,0
17.94,11.6,2
12.94,8.28,2
292.25,5.03,1
68.66,5.87,1
48.06,11.9,2
179.11,5.45,1
0.0,0.0,0
0.0,0.0,0
0.0,0.0,0
0.0,0.0,0
0.0,0.0,0
78.82,7.64,1
0.0,0.0,0
259.85,7.94,1
0.0,0.0,0
49.9,10.32,2
23.34,11.67,2
252.76,5.69,1
228.17,5.04,1
141.57,5.16,1
0.0,0.0,0
30.41,9.82,2
0.0,0.0,0
109.5,7.63,1
249.38,6.79,1
25.04,11.6,2
116.69,6.48,1
20.59,9.07,2
150.84,6.66,1
0.0,0.0,0
233.06,6.35,1
127.8,7.6,1
127.14,5.64,1
0.0,0.0,0
144.63,6.6,1
14.67,9.78,2
0.0,0.0,0
0.0,0.0,0
47.47,9.15,2
0.0,0.0,0
261.49,7.77,1
0.19,11.51,2
34.85,11.29,2
9.1,11.44,2
0.0,0.0,0
35.06,10.12,2
0.0,0.0,0
5.45,10.91,2
0.0,0.0,0
0.0,0.0,0
63.77,6.5,1
0.0,0.0,0
22.12,9.81,2
36.26,11.93,2
112.84,7.69,1
0.0,0.0,0
41.95,8.37,2
0.0,0.0,0
131.81,6.8,1
203.81,7.96,1
0.0,0.0,0
0.0,0.0,0
22.65,10.47,2
0.0,0.0,0
0.0,0.0,0
0.0,0.0,0
0.0,0.0,0
0.0,0.0,0
130.82,7.54,1
187.35,5.19,1
20.41,10.77,2
268.68,6.11,1
14.27,9.64,2
0.0,0.0,0
2.24,10.15,2
76.16,6.81,1
0.0,0.0,0
0.0,0.0,0
0.0,0.0,0
142.84,6.29,1
210.48,6.64,1
45.63,8.52,2
252.15,5.75,1
70.88,6.86,1
283.17,6.96,1
81.39,6.31,1
33.69,11.17,2
264.82,5.8,1
30.19,9.53,2
99.58,6.88,1
85.34,6.58,1
0.0,0.0,0
184.45,7.11,1
150.47,6.07,1
203.75,7.47,1
167.43,7.9,1
0.0,0.0,0
0.0,0.0,0
268.16,7.68,1
9.19,11.65,2
19.04,8.7,2
16.12,11.71,2
272.23,5.77,1
10.42,9.14,2
11.96,9.94,2
0.0,0.0,0
298.48,6.98,1
0.0,0.0,0
14.82,8.26,2
34.1,9.32,2
24.29,9.44,2
0.0,0.0,0
0.0,0.0,0
115.97,6.25,1
0.0,0.0,0
34.0,8.26,2
32.15,9.13,2
0.0,0.0,0
149.62,5.75,1
36.04,11.31,2
6.88,8.34,2
30.75,8.09,2
44.51,9.83,2
292.45,6.35,1
0.0,0.0,0
0.0,0.0,0
45.35,9.72,2
1.4,10.2,2
74.67,7.93,1
6.73,10.82,2
0.0,0.0,0
299.81,5.45,1
25.02,10.43,2
0.0,0.0,0
0.0,0.0,0
144.34,7.67,1
256.67,5.71,1
265.87,5.46,1
0.0,0.0,0
42.99,8.49,2
13.22,8.98,2
0.0,0.0,0
166.53,6.77,1
0.0,0.0,0
163.32,5.65,1
45.52,8.29,2
272.84,5.85,1
0.0,0.0,0
106.16,7.33,1
231.38,8.0,1
244.75,5.84,1
150.44,5.89,1
0.0,0.0,0
68.71,6.5,1
148.9,6.08,1
19.52,9.69,2
29.36,11.2,2
21.64,9.68,2
0.0,0.0,0
0.0,0.0,0
224.88,6.9,1
236.76,6.11,1
133.99,7.38,1
276.24,5.74,1
253.19,6.67,1
0.0,0.0,0
0.0,0.0,0
43.03,10.43,2
48.55,9.8,2
0.0,0.0,0
6.1,8.11,2
100.63,6.39,1
219.53,6.43,1
0.0,0.0,0
74.01,7.26,1
30.38,8.3,2
8.28,9.79,2
154.66,7.68,1
21.88,8.55,2
0.0,0.0,0
0.0,0.0,0
3.59,11.29,2
0.0,0.0,0
37.91,10.55,2
165.7,5.9,1
241.8,7.19,1
221.47,7.1,1
285.81,5.16,1
237.1,5.47,1
0.0,0.0,0
135.28,5.59,1
2.67,8.31,2
21.2,10.01,2
32.0,10.47,2
0.0,0.0,0
0.0,0.0,0
3.24,8.74,2
35.45,8.54,2
40.67,8.95,2
297.73,7.96,1
0.0,0.0,0
30.29,10.94,2
31.31,9.68,2
0.0,0.0,0
8.09,10.25,2
15.44,11.73,2
293.24,7.99,1
0.0,0.0,0
257.6,7.06,1
127.47,5.94,1
31.15,10.45,2
0.0,0.0,0
0.0,0.0,0
0.0,0.0,0
167.04,7.1,1
131.63,7.81,1
28.66,9.1,2
0.0,0.0,0
125.75,6.07,1
37.92,9.56,2
0.0,0.0,0
47.2,9.18,2
0.0,0.0,0
209.97,5.29,1
62.87,6.95,1
10.29,9.07,2
47.19,11.15,2
47.75,8.95,2
41.97,11.99,2
0.0,0.0,0
0.0,0.0,0
85.17,6.85,1
219.16,7.39,1
233.17,7.29,1
188.14,7.56,1
0.0,0.0,0
0.0,0.0,0
0.0,0.0,0
0.0,0.0,0
0.0,0.0,0
0.0,0.0,0
0.0,0.0,0
0.44,8.87,2
1.51,9.24,2
0.0,0.0,0
0.0,0.0,0
0.0,0.0,0
21.94,9.17,2
0.0,0.0,0
260.84,6.14,1
0.0,0.0,0
179.65,6.68,1
38.51,10.95,2
25.41,9.06,2
0.0,0.0,0
1.68,11.38,2
0.0,0.0,0
0.0,0.0,0
244.71,6.48,1
18.25,10.1,2
267.36,7.25,1
0.0,0.0,0
257.33,7.63,1
0.0,0.0,0
181.38,6.13,1
11.97,10.17,2
170.41,7.4,1
0.0,0.0,0
8.53,9.44,2
0.0,0.0,0
5.4,11.19,2
12.21,10.54,2
0.0,0.0,0
0.0,0.0,0
0.0,0.0,0
111.44,6.63,1
15.18,11.82,2
0.0,0.0,0
29.92,11.06,2
0.0,0.0,0
20.66,11.72,2
90.59,5.02,1
0.0,0.0,0
153.66,7.31,1
0.0,0.0,0
0.0,0.0,0
13.8,10.26,2
4.66,11.37,2
0.0,0.0,0
5.43,8.1,2
72.22,7.82,1
33.08,11.94,2
0.0,0.0,0
0.0,0.0,0
46.89,11.62,2
83.78,7.64,1
167.9,5.25,1
0.0,0.0,0
143.44,6.47,1
0.0,0.0,0
40.76,9.69,2
7.67,8.18,2
0.0,0.0,0
0.0,0.0,0
0.0,0.0,0
43.57,11.9,2
0.0,0.0,0
31.32,8.47,2
0.0,0.0,0
3.88,8.22,2
0.0,0.0,0
0.0,0.0,0
131.2,5.79,1
0.0,0.0,0
284.4,6.34,1
186.62,7.08,1
110.1,7.7,1
0.0,0.0,0
269.03,6.75,1
0.0,0.0,0
20.09,11.18,2
0.0,0.0,0
227.63,6.59,1
155.02,5.9,1
0.0,0.0,0
143.68,5.59,1
64.63,6.89,1
37.13,10.26,2
12.28,9.27,2
153.59,5.12,1
7.71,11.21,2
22.73,11.29,2
219.42,7.44,1
0.0,0.0,0
124.39,5.23,1
9.65,8.09,2
0.0,0.0,0
0.0,0.0,0
247.37,5.29,1
0.0,0.0,0
274.72,7.29,1
23.24,8.07,2
185.74,5.88,1
15.11,10.25,2
0.0,0.0,0
0.0,0.0,0
37.96,9.46,2
248.6,7.05,1
0.0,0.0,0
0.0,0.0,0
5.27,10.0,2
32.48,8.9,2
24.0,11.56,2
0.0,0.0,0
0.0,0.0,0
212.2,5.67,1
247.42,7.24,1
230.32,6.59,1
0.0,0.0,0
91.93,6.45,1
31.77,11.55,2
0.0,0.0,0
0.0,0.0,0
0.0,0.0,0
0.0,0.0,0
145.71,6.26,1
113.53,7.53,1
160.27,6.09,1
141.32,7.87,1
0.0,0.0,0
186.78,5.88,1
77.63,6.51,1
209.65,7.71,1
17.5,11.21,2
43.01,10.44,2
104.97,7.29,1
76.41,6.29,1
1.89,8.78,2
257.95,5.12,1
72.24,5.61,1
0.0,0.0,0
19.77,11.45,2
75.22,5.91,1
35.14,9.12,2
167.06,7.34,1
0.0,0.0,0
2.4,9.03,2
140.36,7.68,1
207.95,5.96,1
17.78,9.33,2
250.65,5.8,1
0.0,0.0,0
43.7,11.31,2
26.87,9.36,2
0.0,0.0,0
30.13,10.01,2
8.24,8.75,2
1.94,10.38,2
138.53,6.52,1
16.38,10.46,2
0.0,0.0,0
0.0,0.0,0
12.2,11.05,2
0.0,0.0,0
0.0,0.0,0
98.87,7.65,1
0.0,0.0,0
35.82,11.64,2
0.0,0.0,0
239.93,6.63,1
0.0,0.0,0
228.79,7.33,1
145.52,6.63,1
243.16,6.9,1
121.76,6.68,1
0.0,0.0,0
214.99,6.64,1
15.78,9.04,2
1.21,10.81,2
179.51,5.35,1
1.7,10.92,2
19.52,8.8,2
0.0,0.0,0
8.42,8.62,2
0.0,0.0,0
46.47,10.98,2
0.0,0.0,0
0.0,0.0,0
27.88,8.29,2
0.0,0.0,0
0.0,0.0,0
205.77,6.72,1
0.0,0.0,0
165.95,6.66,1
245.37,7.07,1
0.0,0.0,0
10.17,8.94,2
17.35,10.44,2
0.0,0.0,0
26.02,9.41,2
95.68,6.92,1
16.98,8.69,2
0.0,0.0,0
43.91,9.97,2
36.21,9.38,2
22.01,10.64,2
156.87,6.98,1
43.23,10.29,2
0.0,0.0,0
272.68,7.79,1
44.7,11.5,2
2.1,10.3,2
73.12,5.09,1
89.64,5.91,1
0.0,0.0,0
11.1,11.29,2
3.39,9.53,2
24.18,11.63,2
27.47,9.23,2
0.0,0.0,0
46.04,9.35,2
159.27,6.0,1
0.0,0.0,0
135.1,6.86,1
131.46,6.0,1
252.72,7.96,1
0.0,0.0,0
256.26,6.85,1
131.4,6.62,1
274.9,5.56,1
0.0,0.0,0
109.8,7.53,1
38.49,9.34,2
248.59,6.81,1
0.0,0.0,0
171.21,6.55,1
10.91,10.36,2
3.53,10.93,2
8.91,8.78,2
142.56,6.99,1
11.49,10.04,2
0.0,0.0,0
0.0,0.0,0
0.0,0.0,0
48.27,10.73,2
103.81,7.23,1
14.76,8.02,2
14.1,11.09,2
215.09,7.86,1
0.0,0.0,0
0.0,0.0,0
231.3,7.5,1
48.73,8.75,2
36.16,8.6,2
206.95,7.29,1
40.68,9.16,2
0.0,0.0,0
0.0,0.0,0
0.0,0.0,0
215.61,5.04,1
17.93,10.93,2
143.72,6.86,1
0.0,0.0,0
19.37,10.18,2
260.56,5.62,1
46.26,11.95,2
38.32,10.13,2
141.71,6.72,1
0.0,0.0,0
281.62,5.85,1
22.74,9.42,2
210.75,6.66,1
32.86,8.25,2
226.87,7.93,1
24.92,11.84,2
0.0,0.0,0
0.0,0.0,0
0.0,0.0,0
0.0,0.0,0
21.53,9.42,2
63.37,5.07,1
249.48,6.25,1
261.59,5.79,1
29.4,8.34,2
0.0,0.0,0
101.22,7.41,1
189.07,5.23,1
48.47,9.87,2
0.0,0.0,0
0.0,0.0,0
82.83,5.7,1
32.47,8.31,2
4.94,9.55,2
188.61,5.05,1
18.43,9.63,2
33.08,8.79,2
0.0,0.0,0
23.46,10.49,2
0.0,0.0,0
0.0,0.0,0
0.0,0.0,0
28.34,11.48,2
0.0,0.0,0
0.0,0.0,0
9.34,11.41,2
179.09,7.66,1
0.0,0.0,0
78.08,7.23,1
0.0,0.0,0
0.0,0.0,0
0.0,0.0,0
25.15,8.68,2
1.89,10.7,2
0.0,0.0,0
265.18,6.85,1
28.38,8.47,2
0.0,0.0,0
231.82,7.74,1
23.73,9.3,2
47.34,10.84,2
137.85,6.42,1
0.0,0.0,0
0.0,0.0,0
198.93,7.76,1
0.0,0.0,0
4.84,9.07,2
0.0,0.0,0
0.0,0.0,0
0.0,0.0,0
0.0,0.0,0
0.0,0.0,0
174.28,5.0,1
112.41,7.43,1
62.29,7.26,1
245.61,6.31,1
19.47,10.02,2
210.54,7.89,1
0.0,0.0,0
96.39,7.75,1
0.0,0.0,0
239.84,5.83,1
36.15,10.49,2
68.96,5.86,1
0.0,0.0,0
291.05,5.66,1
0.0,0.0,0
0.0,0.0,0
30.38,9.48,2
0.0,0.0,0
229.41,5.46,1
290.84,5.19,1
266.86,7.79,1
40.05,8.94,2
0.0,0.0,0
0.0,0.0,0
0.0,0.0,0
1.5,11.96,2
134.6,7.43,1
49.1,10.66,2
24.37,9.25,2
9.49,11.96,2
0.0,0.0,0
102.84,5.76,1
192.38,7.47,1
0.0,0.0,0
0.0,0.0,0
232.9,6.63,1
25.71,11.49,2
25.53,11.53,2
103.72,7.88,1
68.92,7.42,1
227.94,6.62,1
169.63,7.68,1
247.6,7.39,1
0.0,0.0,0
138.33,7.25,1
0.0,0.0,0
34.99,11.07,2
0.0,0.0,0
0.0,0.0,0
14.3,8.5,2
0.0,0.0,0
15.49,11.02,2
37.67,9.45,2
9.48,9.66,2
6.24,9.6,2
15.23,8.49,2
287.75,6.55,1
48.83,9.01,2
0.0,0.0,0
0.0,0.0,0
4.7,11.46,2
0.0,0.0,0
113.76,6.61,1
151.38,6.38,1
247.94,5.69,1
0.0,0.0,0
0.0,0.0,0
0.0,0.0,0
248.43,6.97,1
234.32,6.69,1
229.82,6.27,1
0.0,0.0,0
0.0,0.0,0
0.0,0.0,0
0.0,0.0,0
151.11,5.61,1
5.9,10.24,2
0.0,0.0,0
11.87,9.49,2
29.34,10.11,2
0.0,0.0,0
17.64,11.34,2
0.0,0.0,0
0.0,0.0,0
49.1,11.25,2
0.0,0.0,0
61.29,7.26,1
34.68,8.49,2
16.57,8.93,2
0.0,0.0,0
0.0,0.0,0
9.97,10.42,2
0.0,0.0,0
14.69,10.7,2
141.13,7.2,1
134.56,6.83,1
22.44,10.75,2
39.45,11.69,2
0.0,0.0,0
64.3,7.95,1
255.98,7.86,1
31.11,10.55,2
49.33,9.94,2
47.96,10.11,2
165.4,7.17,1
0.0,0.0,0
97.38,7.88,1
0.0,0.0,0
0.0,0.0,0
193.95,5.16,1
0.0,0.0,0
93.14,7.08,1
169.91,6.25,1
0.0,0.0,0
2.09,10.36,2
28.45,9.03,2
0.0,0.0,0
23.04,10.12,2
224.69,7.94,1
0.0,0.0,0
143.76,6.44,1
5.72,8.62,2
0.0,0.0,0
0.73,10.39,2
248.25,7.48,1
0.0,0.0,0
25.11,9.34,2
3.92,10.21,2
210.16,6.61,1
210.1,6.89,1
0.0,0.0,0
0.0,0.0,0
43.19,9.91,2
150.12,7.24,1
113.74,6.03,1
5.03,10.92,2
0.0,0.0,0
47.31,8.86,2
0.0,0.0,0
40.29,11.13,2
28.93,10.77,2
0.0,0.0,0
137.06,6.87,1
292.09,7.53,1
0.0,0.0,0
31.59,8.35,2
255.98,7.29,1
0.0,0.0,0
76.56,7.94,1
12.14,10.73,2
130.23,7.96,1
23.85,8.63,2
8.02,9.25,2
40.7,11.06,2
0.0,0.0,0
21.99,8.9,2
87.43,6.72,1
0.0,0.0,0
0.0,0.0,0
4.38,10.66,2
44.41,8.43,2
291.12,7.31,1
194.76,6.16,1
125.05,7.18,1
21.31,9.3,2
237.56,7.9,1
44.98,9.31,2
17.56,9.9,2
227.99,5.28,1
45.94,8.12,2
0.0,0.0,0
0.0,0.0,0
10.46,8.43,2
28.41,11.1,2
135.29,5.28,1
0.0,0.0,0
206.17,5.56,1
5.83,8.37,2
0.0,0.0,0
27.13,11.78,2
120.65,5.08,1
290.53,6.02,1
37.58,11.66,2
0.0,0.0,0
163.22,5.25,1
288.62,6.17,1
0.0,0.0,0
0.0,0.0,0
8.58,10.94,2
145.94,7.65,1
0.0,0.0,0
91.56,5.55,1
37.73,8.44,2
117.06,6.97,1
0.0,0.0,0
0.0,0.0,0
0.0,0.0,0
234.93,5.01,1
116.41,6.38,1
20.17,8.7,2
275.72,6.62,1
286.86,6.13,1
0.0,0.0,0
21.71,11.33,2
163.15,5.76,1
0.0,0.0,0
208.96,5.43,1
293.45,5.88,1
60.99,6.58,1
0.0,0.0,0
9.83,10.58,2
0.0,0.0,0
34.37,11.55,2
235.49,6.32,1
0.0,0.0,0
31.92,11.8,2
0.0,0.0,0
0.0,0.0,0
258.41,5.68,1
79.11,5.23,1
22.24,8.89,2
0.0,0.0,0
0.0,0.0,0
0.0,0.0,0
0.0,0.0,0
5.94,8.94,2
0.0,0.0,0
32.42,10.76,2
0.0,0.0,0
0.0,0.0,0
0.0,0.0,0
157.11,6.64,1
154.74,7.38,1
193.29,5.5,1
0.0,0.0,0
8.62,9.71,2
0.0,0.0,0
245.87,6.3,1
0.0,0.0,0
128.25,5.62,1
0.0,0.0,0
35.16,8.89,2
30.03,10.39,2
19.41,9.4,2
0.0,0.0,0
227.21,7.15,1
6.59,9.38,2
224.73,5.55,1
226.57,5.28,1
34.87,8.13,2
4.59,10.74,2
286.39,7.39,1
0.0,0.0,0
31.53,11.3,2
0.0,0.0,0
0.0,0.0,0
0.0,0.0,0
14.49,8.67,2
25.71,8.15,2
49.53,10.7,2
217.35,6.66,1
83.65,7.27,1
95.29,6.42,1
160.65,7.8,1
299.86,6.21,1
30.34,11.83,2
16.68,8.22,2
82.72,6.07,1
0.0,0.0,0
11.78,10.14,2
13.68,8.83,2
0.0,0.0,0
13.65,10.97,2
0.0,0.0,0
0.0,0.0,0
141.74,7.19,1
31.35,10.07,2
228.59,6.41,1
0.0,0.0,0
244.3,6.67,1
116.34,7.53,1
45.54,8.86,2
0.0,0.0,0
0.0,0.0,0
0.0,0.0,0
0.0,0.0,0
165.42,7.66,1
0.0,0.0,0
16.24,10.59,2
20.27,11.31,2
0.0,0.0,0
264.13,6.13,1
7.57,9.63,2
26.45,10.72,2
85.03,5.59,1
0.0,0.0,0
34.43,11.43,2
13.62,11.56,2
0.0,0.0,0
243.41,7.49,1
0.0,0.0,0
92.93,7.75,1
0.0,0.0,0
0.0,0.0,0
0.0,0.0,0
0.0,0.0,0
10.7,8.31,2
0.0,0.0,0
258.74,7.0,1
224.97,5.34,1
98.58,6.21,1
241.61,7.79,1
32.62,11.89,2
0.0,0.0,0
0.0,0.0,0
110.9,5.06,1
0.0,0.0,0
0.0,0.0,0
0.0,0.0,0
291.88,6.35,1
0.0,0.0,0
2.51,8.8,2
0.0,0.0,0
0.0,0.0,0
30.35,11.61,2
0.0,0.0,0
28.74,10.9,2
8.55,8.06,2
8.59,11.17,2
127.33,7.04,1
35.83,8.41,2
74.68,5.78,1
37.09,8.49,2
0.0,0.0,0
0.0,0.0,0
91.79,5.89,1
6.3,10.47,2
0.0,0.0,0
42.91,8.84,2
49.6,8.92,2
42.93,8.68,2
9.27,10.53,2
29.14,8.02,2
0.0,0.0,0
0.0,0.0,0
108.05,7.5,1
36.01,10.53,2
36.9,11.78,2
31.34,10.14,2
17.1,8.89,2
179.6,5.67,1
30.74,8.1,2
153.06,7.1,1
13.86,11.59,2
77.51,7.6,1
14.38,8.62,2
41.64,8.83,2
27.58,8.39,2
27.76,9.45,2
0.0,0.0,0
153.99,5.37,1
209.57,5.87,1
220.28,5.83,1
34.01,11.22,2
17.72,8.76,2
64.1,6.72,1
13.86,8.1,2
0.0,0.0,0
0.0,0.0,0
0.0,0.0,0
88.21,5.01,1
0.0,0.0,0
13.49,9.46,2
0.0,0.0,0
28.0,10.19,2
63.21,5.86,1
40.24,9.78,2
6.09,11.45,2
285.21,7.19,1
0.0,0.0,0
22.1,9.76,2
288.0,5.91,1
14.32,8.45,2
33.6,11.89,2
110.67,7.77,1
110.49,6.18,1
65.74,5.03,1
111.36,6.64,1
272.31,5.66,1
195.92,5.97,1
282.5,7.74,1
133.87,6.97,1
296.73,7.96,1
45.0,8.45,2
14.03,10.9,2
44.59,11.09,2
68.69,7.26,1
178.7,7.24,1
229.96,5.9,1
11.05,11.44,2
203.85,6.79,1
0.0,0.0,0
0.0,0.0,0
219.41,7.45,1
48.46,8.21,2
48.71,9.48,2
85.0,5.73,1
0.0,0.0,0
0.0,0.0,0
6.6,9.27,2
0.0,0.0,0
197.05,7.89,1
0.0,0.0,0
188.94,5.38,1
35.86,11.18,2
46.65,11.43,2
131.12,6.54,1
20.06,9.76,2
0.0,0.0,0
0.0,0.0,0
145.21,5.66,1
226.84,7.11,1
160.62,7.4,1
0.0,0.0,0
0.0,0.0,0
0.0,0.0,0
273.87,6.15,1
10.23,11.31,2
83.62,5.2,1
17.6,10.69,2
16.63,11.02,2
0.0,0.0,0
0.0,0.0,0
38.55,8.92,2
45.82,11.19,2
0.0,0.0,0
290.73,5.23,1
194.38,5.0,1
221.26,6.38,1
10.58,11.84,2
25.11,10.93,2
0.0,0.0,0
0.1,8.3,2
234.52,6.15,1
294.57,5.49,1
47.2,10.14,2
0.0,0.0,0
216.97,6.19,1
0.0,0.0,0
36.84,10.11,2
0.0,0.0,0
27.93,10.29,2
28.26,8.86,2
63.29,5.49,1
94.31,5.67,1
15.27,11.63,2
0.0,0.0,0
0.0,0.0,0
0.0,0.0,0
0.0,0.0,0
186.96,6.56,1
0.0,0.0,0
0.0,0.0,0
0.0,0.0,0
0.0,0.0,0
14.48,11.82,2
273.82,7.84,1
0.0,0.0,0
0.0,0.0,0
18.48,10.89,2
86.53,5.63,1
0.0,0.0,0
0.0,0.0,0
34.8,8.43,2
0.0,0.0,0
11.11,11.03,2
39.23,8.85,2
106.4,7.79,1
27.74,11.92,2
101.99,5.34,1
0.0,0.0,0
66.38,6.04,1
239.86,5.68,1
265.78,5.04,1
0.0,0.0,0
0.0,0.0,0
0.0,0.0,0
0.0,0.0,0
106.5,6.98,1
2.47,10.04,2
77.39,5.1,1
43.46,9.14,2
0.0,0.0,0
30.61,9.18,2
110.07,5.28,1
17.49,11.51,2
223.03,6.99,1
41.69,11.63,2
0.0,0.0,0
0.0,0.0,0
11.2,8.53,2
214.89,7.46,1
23.36,11.32,2
28.98,9.5,2
130.02,7.59,1
150.61,5.85,1
34.67,8.7,2
25.46,8.59,2
160.32,5.45,1
0.0,0.0,0
39.98,10.33,2
137.13,5.37,1
2.24,11.4,2
130.16,6.84,1
299.93,6.81,1
12.58,11.11,2
36.91,10.75,2
0.0,0.0,0
0.0,0.0,0
0.0,0.0,0
12.38,9.27,2
71.19,7.5,1
225.42,5.61,1
0.0,0.0,0
197.05,7.85,1
0.0,0.0,0
0.0,0.0,0
0.0,0.0,0
0.0,0.0,0
5.03,8.2,2
0.0,0.0,0
156.23,7.65,1
268.48,7.21,1
105.22,6.64,1
0.0,0.0,0
36.3,9.83,2
185.88,5.02,1
90.17,7.93,1
27.4,11.93,2
10.27,8.2,2
26.91,10.21,2
17.55,10.62,2
18.03,10.3,2
134.47,6.6,1
7.33,10.12,2
0.0,0.0,0
8.85,11.6,2
65.07,7.5,1
0.0,0.0,0
246.65,6.07,1
25.4,9.81,2
182.28,6.18,1
83.11,5.33,1
182.52,6.76,1
3.09,11.07,2
0.0,0.0,0
5.14,10.12,2
196.69,6.07,1
36.15,10.04,2
0.0,0.0,0
0.0,0.0,0
21.23,8.61,2
0.0,0.0,0
18.87,8.72,2
0.0,0.0,0
8.03,9.96,2
8.2,9.02,2
41.78,10.43,2
87.67,5.49,1
0.0,0.0,0
0.0,0.0,0
291.02,6.63,1
0.0,0.0,0
0.0,0.0,0
289.27,6.75,1
0.0,0.0,0
285.34,6.85,1
0.0,0.0,0
29.16,8.79,2
2.57,10.18,2
282.49,7.52,1
42.97,8.59,2
0.0,0.0,0
24.12,9.37,2
0.0,0.0,0
0.0,0.0,0
22.43,10.41,2
28.13,11.61,2
270.45,7.13,1
0.0,0.0,0
25.99,11.95,2
28.45,10.91,2
96.79,7.85,1
144.45,6.6,1
14.78,10.42,2
23.33,10.51,2
34.88,11.93,2
233.59,6.83,1
0.0,0.0,0
5.56,10.29,2
37.02,8.35,2
15.27,8.19,2
0.0,0.0,0
0.0,0.0,0
0.0,0.0,0
132.63,7.05,1
105.91,6.72,1
31.54,11.3,2
0.0,0.0,0
46.06,10.79,2
24.14,11.87,2
255.66,5.57,1
260.86,6.28,1
197.4,7.72,1
0.0,0.0,0
269.14,6.84,1
97.27,6.85,1
37.27,9.29,2
124.32,7.97,1
0.0,0.0,0
0.0,0.0,0
34.92,8.06,2
20.13,10.69,2
35.15,8.99,2
0.0,0.0,0
0.0,0.0,0
36.76,8.77,2
13.39,9.4,2
152.65,7.32,1
130.44,5.71,1
256.52,7.75,1
0.0,0.0,0
27.27,9.91,2
0.0,0.0,0
0.0,0.0,0
0.0,0.0,0
4.53,9.64,2
276.55,5.04,1
17.85,11.1,2
113.74,5.35,1
40.74,9.0,2
0.0,0.0,0
162.33,7.49,1
0.0,0.0,0
0.0,0.0,0
0.0,0.0,0
1.56,9.02,2
117.5,5.42,1
155.35,5.66,1
0.0,0.0,0
33.12,10.44,2
0.0,0.0,0
9.46,11.63,2
0.0,0.0,0
0.0,0.0,0
262.57,7.61,1
10.86,11.59,2
36.36,8.23,2
64.05,6.7,1
170.31,6.78,1
61.68,7.27,1
0.0,0.0,0
39.57,8.65,2
0.0,0.0,0
38.33,9.24,2
14.09,9.58,2
44.36,11.02,2
16.21,10.93,2
9.38,11.1,2
46.68,11.4,2
195.79,7.42,1
61.37,7.73,1
0.0,0.0,0
26.62,8.07,2
0.0,0.0,0
89.89,5.72,1
0.0,0.0,0
0.0,0.0,0
98.1,7.41,1
262.0,7.22,1
93.32,7.7,1
4.73,11.03,2
64.15,7.35,1
0.0,0.0,0
0.0,0.0,0
37.03,9.12,2
26.71,10.56,2
7.75,9.25,2
0.0,0.0,0
0.0,0.0,0
26.85,11.16,2
243.72,6.69,1
151.22,5.78,1
45.8,10.39,2
296.91,7.24,1
43.41,8.58,2
0.0,0.0,0
0.0,0.0,0
41.22,9.89,2
231.18,7.1,1
19.52,8.98,2
16.36,9.15,2
2.69,9.26,2
125.09,5.72,1
0.0,0.0,0
176.42,7.6,1
115.51,5.93,1
0.0,0.0,0
216.07,5.87,1
0.0,0.0,0
40.51,10.65,2
173.61,5.14,1
223.2,5.71,1
0.0,0.0,0
0.0,0.0,0
25.67,11.09,2
3.31,8.53,2
168.72,7.64,1
42.8,10.03,2
275.62,6.81,1
120.44,5.21,1
0.0,0.0,0
61.66,7.29,1
280.73,6.83,1
0.0,0.0,0
147.63,5.48,1
175.53,5.28,1
0.0,0.0,0
157.09,6.88,1
197.95,6.19,1
26.8,11.47,2
8.49,9.97,2
281.77,7.78,1
154.41,7.96,1
73.67,7.9,1
0.0,0.0,0
173.44,7.86,1
0.0,0.0,0
0.0,0.0,0
128.16,6.34,1
93.78,7.28,1
87.89,6.22,1
34.52,11.2,2
20.81,11.39,2
148.01,5.7,1
0.0,0.0,0
163.36,6.64,1
0.0,0.0,0
48.58,11.55,2
0.0,0.0,0
207.11,7.64,1
0.0,0.0,0
118.58,7.03,1
160.08,6.14,1
22.87,11.2,2
285.31,5.58,1
9.47,8.62,2
249.38,6.21,1
146.34,5.25,1
0.0,0.0,0
207.65,6.0,1
294.4,6.23,1
0.0,0.0,0
0.0,0.0,0
164.69,7.4,1
0.0,0.0,0
243.61,5.59,1
0.0,0.0,0
193.41,5.55,1
265.55,6.18,1
178.65,5.92,1
27.38,8.27,2
74.05,6.59,1
0.0,0.0,0
0.0,0.0,0
0.0,0.0,0
45.0,10.51,2
292.98,7.37,1
98.93,6.7,1
179.38,6.46,1
18.06,11.79,2
0.0,0.0,0
244.33,5.01,1
41.21,8.09,2
275.68,7.88,1
0.0,0.0,0
0.0,0.0,0
14.54,8.61,2
13.73,8.05,2
131.34,7.42,1
19.16,11.22,2
37.7,8.59,2
15.85,11.76,2
12.12,11.45,2
32.2,11.95,2
14.61,10.67,2
0.0,0.0,0
0.0,0.0,0
8.39,8.13,2
188.92,7.16,1
89.42,6.9,1
43.74,10.04,2
101.59,5.94,1
33.03,9.79,2
0.0,0.0,0
0.0,0.0,0
42.53,11.55,2
250.21,7.15,1
0.0,0.0,0
0.0,0.0,0
0.0,0.0,0
127.32,6.77,1
49.02,11.66,2
8.85,8.61,2
132.73,6.25,1
108.11,7.91,1
16.4,8.2,2
0.0,0.0,0
0.0,0.0,0
33.01,9.75,2
0.0,0.0,0
13.07,9.3,2
0.0,0.0,0
164.69,7.69,1
30.52,8.2,2
0.0,0.0,0
266.59,5.03,1
227.63,5.36,1
222.81,5.61,1
79.23,5.66,1
0.0,0.0,0
0.0,0.0,0
234.81,5.87,1
28.3,8.86,2
297.05,5.28,1
0.0,0.0,0
38.27,9.0,2
13.71,11.59,2
0.0,0.0,0
0.0,0.0,0
23.48,11.33,2
48.38,9.93,2
261.57,7.73,1
33.22,11.7,2
235.03,5.78,1
117.51,5.75,1
9.16,10.04,2
14.88,10.56,2
0.0,0.0,0
199.17,5.6,1
132.34,7.21,1
0.0,0.0,0
36.94,10.53,2
105.44,7.56,1
40.88,10.39,2
82.47,5.33,1
145.68,7.79,1
0.0,0.0,0
0.0,0.0,0
0.0,0.0,0
1.26,11.45,2
231.59,6.45,1
74.86,7.19,1
35.33,8.32,2
288.82,5.73,1
0.0,0.0,0
0.0,0.0,0
43.16,11.76,2
0.0,0.0,0
0.0,0.0,0
26.98,10.0,2
91.06,6.92,1
238.8,5.34,1
220.89,7.9,1
29.64,9.0,2
0.0,0.0,0
0.0,0.0,0
279.94,7.73,1
191.12,5.84,1
279.64,6.7,1
0.0,0.0,0
292.34,6.77,1
69.85,5.07,1
135.93,6.06,1
0.0,0.0,0
0.0,0.0,0
153.73,5.89,1
269.91,6.04,1
7.87,11.3,2
17.99,10.71,2
157.48,7.02,1
44.69,9.83,2
0.0,0.0,0
25.41,11.54,2
0.0,0.0,0
0.0,0.0,0
27.9,11.24,2
0.0,0.0,0
0.0,0.0,0
17.09,9.54,2
14.52,9.37,2
0.0,0.0,0
186.81,5.07,1
181.78,6.54,1
22.64,8.94,2
11.99,9.87,2
233.64,6.06,1
0.0,0.0,0
12.59,9.61,2
37.65,8.93,2
73.81,5.99,1
0.0,0.0,0
47.98,9.45,2
7.31,11.21,2
47.0,10.0,2
10.02,11.44,2
86.65,7.07,1
170.27,7.27,1
0.0,0.0,0
0.0,0.0,0
71.95,7.25,1
0.0,0.0,0
0.0,0.0,0
179.27,6.69,1
42.45,10.23,2
117.09,6.94,1
16.96,8.06,2
0.0,0.0,0
45.43,11.45,2
113.72,5.13,1
0.0,0.0,0
0.0,0.0,0
22.24,9.24,2
0.0,0.0,0
0.0,0.0,0
21.5,10.93,2
0.0,0.0,0
45.77,11.97,2
29.76,8.53,2
0.0,0.0,0
0.0,0.0,0
41.22,8.1,2
238.47,7.13,1
260.52,7.52,1
3.35,8.18,2
268.18,6.95,1
0.0,0.0,0
195.61,5.14,1
0.0,0.0,0
0.0,0.0,0
67.75,7.47,1
0.0,0.0,0
0.0,0.0,0
0.0,0.0,0
235.71,7.42,1
23.23,8.26,2
23.75,11.1,2
0.0,0.0,0
0.0,0.0,0
226.63,5.88,1
266.42,7.38,1
168.59,5.87,1
22.02,9.18,2
0.0,0.0,0
0.0,0.0,0
178.87,5.87,1
32.92,10.93,2
22.51,10.66,2
18.48,8.65,2
38.08,9.02,2
257.29,6.36,1
120.28,5.09,1
37.71,9.74,2
21.2,8.89,2
91.1,7.41,1
7.65,10.93,2
150.76,5.69,1
17.08,9.67,2
267.46,5.52,1
0.0,0.0,0
0.0,0.0,0
236.27,5.82,1
29.1,11.65,2
267.33,5.88,1
0.0,0.0,0
128.37,5.1,1
0.0,0.0,0
0.0,0.0,0
87.94,5.84,1
42.92,8.19,2
0.0,0.0,0
0.0,0.0,0
5.79,9.45,2
26.8,11.15,2
20.29,10.6,2
0.0,0.0,0
0.12,9.22,2
0.0,0.0,0
70.82,7.41,1
261.79,5.37,1
34.45,10.95,2
0.0,0.0,0
0.0,0.0,0
258.5,7.13,1
0.0,0.0,0
0.0,0.0,0
35.41,9.38,2
15.81,9.38,2
239.9,7.84,1
298.05,5.94,1
41.43,11.11,2
0.62,8.05,2
34.85,11.2,2
0.0,0.0,0
104.91,7.25,1
158.86,5.62,1
184.74,7.69,1
0.0,0.0,0
195.86,7.13,1
48.51,8.52,2
0.0,0.0,0
39.71,10.54,2
240.64,6.95,1
0.42,11.21,2
0.0,0.0,0
5.22,8.84,2
0.0,0.0,0
0.0,0.0,0
32.26,8.38,2
121.98,6.08,1
122.5,7.03,1
0.0,0.0,0
6.68,9.8,2
15.13,8.57,2
259.86,6.05,1
15.96,8.62,2
14.6,9.47,2
214.93,6.16,1
182.78,7.49,1
227.95,5.84,1
39.02,10.73,2
40.52,10.56,2
232.81,5.76,1
0.0,0.0,0
47.84,9.85,2
0.0,0.0,0
77.82,7.02,1
0.0,0.0,0
0.0,0.0,0
0.0,0.0,0
32.45,10.78,2
48.78,8.23,2
0.0,0.0,0
49.95,10.59,2
42.04,9.49,2
0.0,0.0,0
3.14,10.99,2
214.87,7.16,1
72.9,7.58,1
8.52,9.05,2
16.37,11.96,2
39.87,10.77,2
137.19,7.08,1
0.0,0.0,0
45.5,11.65,2
20.94,9.6,2
119.85,6.5,1
0.0,0.0,0
0.0,0.0,0
262.0,7.47,1
47.51,8.21,2
8.28,10.26,2
0.0,0.0,0
0.0,0.0,0
7.87,9.82,2
177.14,7.99,1
0.0,0.0,0
230.57,7.84,1
229.09,6.1,1
15.95,10.55,2
0.0,0.0,0
11.19,8.6,2
43.73,9.09,2
1.55,8.78,2
119.56,5.79,1
2.09,8.81,2
274.05,7.36,1
46.37,10.44,2
26.33,8.33,2
22.8,10.23,2
0.0,0.0,0
48.04,11.84,2
261.99,6.35,1
0.0,0.0,0
26.05,11.52,2
183.23,5.94,1
16.2,10.68,2
0.0,0.0,0
30.22,10.42,2
0.0,0.0,0
3.32,10.77,2
0.0,0.0,0
30.77,8.48,2
0.0,0.0,0
46.43,10.26,2
0.0,0.0,0
271.62,5.75,1
10.73,11.65,2
0.0,0.0,0
0.0,0.0,0
119.55,6.42,1
262.81,6.34,1
2.47,9.69,2
170.9,5.8,1
0.0,0.0,0
233.55,7.61,1
285.02,7.11,1
212.73,6.43,1
0.0,0.0,0
286.29,7.99,1
49.23,10.17,2
281.53,6.87,1
0.0,0.0,0
23.22,9.37,2
26.26,10.52,2
0.0,0.0,0
0.0,0.0,0
232.03,6.17,1
171.67,7.61,1
9.69,10.57,2
216.12,6.77,1
0.0,0.0,0
15.51,8.77,2
0.0,0.0,0
30.89,10.76,2
12.06,10.67,2
33.7,9.93,2
23.38,11.76,2
236.36,6.26,1
89.72,7.81,1
0.0,0.0,0
187.34,5.44,1
0.0,0.0,0
9.85,9.95,2
42.86,11.27,2
136.26,5.99,1
0.0,0.0,0
229.67,5.98,1
0.0,0.0,0
141.44,5.06,1
31.45,11.13,2
198.87,7.9,1
75.09,7.16,1
0.0,0.0,0
34.35,8.49,2
0.0,0.0,0
45.81,10.39,2
0.0,0.0,0
0.0,0.0,0
48.07,8.43,2
21.22,9.83,2
0.0,0.0,0
4.56,8.93,2
0.0,0.0,0
205.09,6.76,1
0.0,0.0,0
9.61,8.38,2
294.26,6.54,1
0.0,0.0,0
32.17,11.04,2
0.0,0.0,0
25.5,11.66,2
150.99,7.21,1
29.77,9.29,2
118.79,7.87,1
45.45,8.94,2
274.75,5.23,1
0.0,0.0,0
161.98,6.3,1
11.78,8.37,2
191.06,7.03,1
64.78,5.08,1
2.35,11.76,2
0.93,8.41,2
0.0,0.0,0
24.65,10.16,2
0.0,0.0,0
9.35,11.82,2
102.15,7.11,1
251.13,5.5,1
0.7,11.65,2
218.9,5.64,1
281.36,6.06,1
255.47,7.93,1
39.48,11.2,2
28.21,9.77,2
0.0,0.0,0
31.21,10.63,2
0.0,0.0,0
13.1,8.46,2
0.0,0.0,0
39.43,9.17,2
0.0,0.0,0
267.2,6.67,1
125.67,7.91,1
0.0,0.0,0
21.06,9.46,2
0.0,0.0,0
0.0,0.0,0
64.8,5.19,1
17.0,9.27,2
185.79,5.75,1
37.4,11.77,2
22.87,9.65,2
32.35,11.44,2
41.52,8.02,2
0.0,0.0,0
249.23,6.68,1
0.0,0.0,0
35.18,10.07,2
5.14,9.6,2
0.0,0.0,0
0.0,0.0,0
138.86,5.34,1
0.0,0.0,0
49.1,8.09,2
83.98,5.95,1
0.0,0.0,0
0.0,0.0,0
0.0,0.0,0
9.11,10.79,2
0.0,0.0,0
28.09,9.46,2
189.66,7.13,1
18.04,8.11,2
0.0,0.0,0
35.59,9.04,2
28.07,10.0,2
137.97,7.01,1
93.69,5.17,1
0.0,0.0,0
152.51,5.75,1
0.0,0.0,0
46.65,9.38,2
0.0,0.0,0
31.13,11.27,2
0.0,0.0,0
192.79,7.98,1
169.55,7.65,1
0.0,0.0,0
0.0,0.0,0
257.71,5.44,1
41.66,11.78,2
233.39,6.28,1
218.17,5.85,1
0.0,0.0,0
10.17,9.23,2
5.36,8.89,2
0.0,0.0,0
0.0,0.0,0
167.72,5.24,1
0.0,0.0,0
246.04,5.27,1
0.0,0.0,0
27.0,9.47,2
0.0,0.0,0
148.94,5.88,1
218.8,6.33,1
12.67,11.12,2
35.51,9.26,2
0.0,0.0,0
38.87,9.67,2
146.01,5.14,1
108.27,6.76,1
297.93,6.75,1
33.22,11.02,2
0.0,0.0,0
0.0,0.0,0
22.61,9.1,2
0.0,0.0,0
27.2,9.06,2
279.45,7.05,1
46.7,11.37,2
248.01,6.63,1
290.22,5.98,1
0.0,0.0,0
125.46,5.57,1
15.63,10.0,2
0.0,0.0,0
197.6,5.3,1
0.0,0.0,0
22.44,11.95,2
264.6,7.49,1
0.0,0.0,0
0.0,0.0,0
39.84,8.23,2
185.1,6.54,1
105.89,5.58,1
256.11,6.69,1
0.0,0.0,0
287.99,5.55,1
112.98,6.04,1
0.0,0.0,0
74.18,7.8,1
0.0,0.0,0
99.0,5.72,1
36.56,11.7,2
267.52,5.14,1
0.0,0.0,0
0.0,0.0,0
0.0,0.0,0
286.29,5.03,1
189.54,5.2,1
208.83,6.02,1
126.47,7.12,1
45.23,10.68,2
46.44,9.25,2
109.28,6.06,1
240.04,5.42,1
91.09,6.18,1
0.0,0.0,0
17.98,8.38,2
12.17,11.2,2
147.47,6.05,1
179.64,7.75,1
119.49,5.67,1
0.0,0.0,0
0.0,0.0,0
0.0,0.0,0
0.0,0.0,0
68.99,5.18,1
0.0,0.0,0
28.46,10.5,2
254.97,5.56,1
0.0,0.0,0
42.2,10.93,2
8.37,8.47,2
233.12,7.56,1
0.0,0.0,0
40.66,10.9,2
260.35,6.9,1
271.0,7.39,1
22.12,11.7,2
0.0,0.0,0
0.0,0.0,0
120.83,5.84,1
168.56,7.73,1
48.52,10.23,2
287.63,7.63,1
28.58,11.02,2
0.0,0.0,0
28.68,8.17,2
0.0,0.0,0
33.56,9.29,2
40.74,8.39,2
0.43,10.62,2
249.64,6.21,1
6.54,11.52,2
0.0,0.0,0
0.0,0.0,0
276.29,7.04,1
0.09,11.22,2
0.0,0.0,0
0.0,0.0,0
279.59,7.27,1
298.52,5.08,1
215.85,5.98,1
17.85,11.16,2
63.96,6.57,1
23.26,9.04,2
87.63,6.68,1
1.24,11.61,2
0.0,0.0,0
0.0,0.0,0
0.0,0.0,0
0.0,0.0,0
33.5,11.32,2
171.9,6.71,1
26.33,11.24,2
0.0,0.0,0
106.63,6.11,1
0.0,0.0,0
0.0,0.0,0
28.74,10.98,2
0.0,0.0,0
0.0,0.0,0
163.46,5.55,1
284.78,7.53,1
0.0,0.0,0
0.0,0.0,0
21.12,11.32,2
82.94,6.87,1
256.6,5.85,1
0.0,0.0,0
0.0,0.0,0
32.75,11.01,2
227.28,5.33,1
0.0,0.0,0
264.35,6.32,1
32.94,8.38,2
0.0,0.0,0
34.53,9.45,2
93.4,5.28,1
94.31,6.49,1
17.14,9.99,2
0.0,0.0,0
0.0,0.0,0
2.27,9.57,2
0.0,0.0,0
0.0,0.0,0
0.0,0.0,0
7.07,8.65,2
16.18,11.08,2
36.8,10.28,2
0.0,0.0,0
244.7,7.29,1
240.87,7.01,1
103.21,5.13,1
185.61,7.72,1
10.89,8.93,2
241.2,6.4,1
18.11,11.05,2
23.42,11.27,2
0.0,0.0,0
0.0,0.0,0
289.38,7.91,1
0.0,0.0,0
67.57,7.81,1
252.24,6.16,1
0.0,0.0,0
0.0,0.0,0
45.0,9.43,2
0.0,0.0,0
87.85,7.93,1
11.56,10.88,2
221.46,5.56,1
0.0,0.0,0
288.77,5.15,1
49.06,9.62,2
47.05,10.37,2
15.98,10.76,2
91.79,6.45,1
37.92,8.45,2
88.41,5.69,1
189.71,7.1,1
170.36,6.64,1
166.22,5.75,1
7.05,8.8,2
47.38,11.51,2
0.0,0.0,0
0.0,0.0,0
22.66,8.22,2
0.0,0.0,0
127.33,5.23,1
251.2,7.55,1
272.27,6.39,1
0.0,0.0,0
38.52,8.78,2
11.99,10.91,2
0.0,0.0,0
21.05,9.59,2
231.03,5.39,1
0.0,0.0,0
34.07,11.29,2
0.0,0.0,0
19.96,9.88,2
0.0,0.0,0
3.71,9.37,2
23.35,8.43,2
255.38,7.45,1
141.68,7.61,1
0.0,0.0,0
70.65,7.86,1
0.0,0.0,0
88.27,6.01,1
2.54,10.23,2
0.0,0.0,0
0.0,0.0,0
299.1,5.67,1
0.0,0.0,0
83.83,7.95,1
0.0,0.0,0
0.0,0.0,0
260.54,5.34,1
0.0,0.0,0
48.66,11.44,2
42.28,8.33,2
141.52,5.68,1
0.0,0.0,0
0.0,0.0,0
46.24,8.95,2
40.72,10.64,2
264.57,6.01,1
91.13,7.12,1
0.0,0.0,0
0.0,0.0,0
222.74,5.82,1
0.0,0.0,0
28.5,11.08,2
22.81,10.64,2
0.0,0.0,0
0.0,0.0,0
0.0,0.0,0
32.2,8.01,2
0.0,0.0,0
14.5,8.9,2
0.0,0.0,0
91.22,5.87,1
243.6,6.47,1
104.83,5.14,1
0.0,0.0,0
46.83,8.14,2
93.96,7.3,1
223.43,5.64,1
0.0,0.0,0
2.8,10.97,2
0.0,0.0,0
85.81,5.1,1
66.83,5.91,1
0.0,0.0,0
0.0,0.0,0
28.31,9.48,2
25.28,10.95,2
0.0,0.0,0
0.0,0.0,0
14.12,9.73,2
0.0,0.0,0
0.0,0.0,0
0.0,0.0,0
34.0,10.15,2
92.02,5.65,1
33.63,8.5,2
15.64,11.33,2
164.99,7.3,1
135.73,6.01,1
0.0,0.0,0
0.0,0.0,0
78.48,6.04,1
103.9,6.69,1
0.0,0.0,0
0.0,0.0,0
0.0,0.0,0
25.1,9.61,2
45.75,11.08,2
0.0,0.0,0
18.94,9.75,2
149.23,6.14,1
262.68,7.99,1
49.03,9.69,2
19.98,10.02,2
49.15,11.97,2
0.0,0.0,0
61.61,5.02,1
169.35,6.41,1
7.91,10.53,2
48.73,10.53,2
0.0,0.0,0
0.0,0.0,0
49.84,11.6,2
49.43,8.15,2
0.0,0.0,0
210.41,6.66,1
5.21,11.03,2
0.0,0.0,0
281.52,7.64,1
18.19,11.62,2
0.0,0.0,0
10.53,9.77,2
27.23,8.93,2
27.28,9.47,2
0.0,0.0,0
13.08,8.57,2
289.5,5.99,1
0.0,0.0,0
0.0,0.0,0
0.0,0.0,0
0.0,0.0,0
242.25,6.5,1
294.86,6.87,1
0.0,0.0,0
12.5,11.02,2
90.68,7.87,1
0.0,0.0,0
17.9,8.35,2
0.0,0.0,0
0.0,0.0,0
0.0,0.0,0
0.0,0.0,0
0.0,0.0,0
28.36,8.34,2
40.25,11.01,2
171.19,7.8,1
249.01,5.04,1
0.0,0.0,0
0.0,0.0,0
0.0,0.0,0
0.0,0.0,0
49.24,9.54,2
11.76,9.15,2
292.38,7.0,1
219.3,7.14,1
114.86,5.17,1
48.58,9.31,2
45.3,9.56,2
0.0,0.0,0
162.78,5.57,1
198.77,5.14,1
259.34,5.34,1
6.75,10.91,2
272.27,5.01,1
0.0,0.0,0
0.0,0.0,0
7.82,8.58,2
16.93,8.86,2
0.0,0.0,0
268.69,5.69,1
23.28,10.11,2
0.0,0.0,0
97.34,5.78,1
0.0,0.0,0
0.65,9.16,2
12.25,9.48,2
135.31,7.23,1
0.0,0.0,0
0.0,0.0,0
0.0,0.0,0
14.61,8.51,2
72.22,5.14,1
0.0,0.0,0
126.33,7.06,1
0.0,0.0,0
222.09,6.69,1
62.72,5.91,1
10.03,9.13,2
12.86,9.27,2
17.72,10.09,2
147.24,5.29,1
136.05,7.38,1
0.0,0.0,0
107.47,5.22,1
142.63,5.87,1
14.0,11.62,2
0.0,0.0,0
146.03,7.32,1
5.78,9.58,2
215.59,6.95,1
81.2,5.9,1
2.1,11.65,2
6.84,8.22,2
23.87,10.01,2
49.0,10.93,2
0.0,0.0,0
0.0,0.0,0
0.0,0.0,0
0.0,0.0,0
48.98,9.86,2
48.18,11.61,2
0.0,0.0,0
251.28,6.87,1
0.0,0.0,0
149.77,5.48,1
42.15,8.46,2
0.0,0.0,0
0.0,0.0,0
42.35,10.25,2
0.0,0.0,0
0.0,0.0,0
32.17,9.53,2
254.2,6.56,1
28.73,11.24,2
64.27,7.67,1
45.4,10.65,2
30.06,9.33,2
2.19,9.47,2
72.83,7.22,1
32.24,8.37,2
227.27,5.96,1
0.0,0.0,0
0.0,0.0,0
0.0,0.0,0
176.62,6.06,1
2.47,11.27,2
214.58,6.65,1
5.96,11.92,2
0.0,0.0,0
116.4,5.47,1
0.0,0.0,0
41.12,10.99,2
69.91,6.91,1
0.0,0.0,0
215.11,7.07,1
12.44,11.83,2
0.0,0.0,0
8.77,8.66,2
210.02,6.67,1
161.79,6.76,1
0.0,0.0,0
34.41,10.9,2
87.69,5.58,1
2.78,10.96,2
0.0,0.0,0
162.3,6.73,1
135.8,7.57,1
10.55,11.42,2
0.0,0.0,0
127.74,7.09,1
15.63,8.26,2
22.12,11.83,2
234.15,7.47,1
45.0,10.8,2
92.89,7.02,1
208.27,5.61,1
18.28,9.01,2
30.8,8.42,2
41.01,11.9,2
4.16,9.98,2
33.96,10.84,2
31.19,8.08,2
109.17,6.35,1
16.84,9.83,2
0.0,0.0,0
0.0,0.0,0
71.04,6.47,1
28.09,8.92,2
39.42,11.24,2
0.0,0.0,0
0.0,0.0,0
176.16,7.86,1
3.2,8.58,2
0.0,0.0,0
0.0,0.0,0
275.86,6.94,1
0.0,0.0,0
81.66,6.6,1
254.52,5.99,1
17.08,8.94,2
0.0,0.0,0
0.0,0.0,0
0.0,0.0,0
0.0,0.0,0
13.98,11.5,2
29.22,10.97,2
108.93,7.93,1
47.45,11.21,2
21.08,8.23,2
0.0,0.0,0
151.63,7.43,1
46.54,11.56,2
0.0,0.0,0
170.89,7.35,1
0.0,0.0,0
0.0,0.0,0
40.47,9.42,2
8.32,11.2,2
23.66,10.6,2
33.7,11.13,2
0.0,0.0,0
0.0,0.0,0
290.25,5.51,1
196.58,6.56,1
0.0,0.0,0
34.68,9.93,2
0.0,0.0,0
170.3,5.58,1
44.94,10.52,2
15.03,8.45,2
213.33,7.56,1
0.0,0.0,0
18.81,9.75,2
0.0,0.0,0
0.0,0.0,0
5.51,10.8,2
178.8,6.15,1
260.96,5.28,1
269.22,7.62,1
78.28,5.17,1
49.31,8.78,2
0.0,0.0,0
0.0,0.0,0
31.22,11.94,2
19.76,10.22,2
0.0,0.0,0
33.96,9.13,2
2.66,8.23,2
35.23,8.78,2
0.0,0.0,0
43.48,8.35,2
0.0,0.0,0
9.01,10.67,2
0.0,0.0,0
0.0,0.0,0
0.0,0.0,0
0.0,0.0,0
0.0,0.0,0
0.0,0.0,0
95.73,5.21,1
0.0,0.0,0
18.68,9.86,2
128.6,5.99,1
148.19,6.71,1
231.66,6.94,1
28.47,10.44,2
23.43,9.76,2
42.69,11.45,2
0.0,0.0,0
33.95,10.79,2
0.0,0.0,0
41.28,11.12,2
0.0,0.0,0
43.3,8.32,2
243.5,5.71,1
224.5,7.01,1
202.1,6.7,1
148.14,7.07,1
0.0,0.0,0
0.0,0.0,0
34.93,9.87,2
272.79,6.12,1
213.41,6.71,1
154.96,6.45,1
0.0,0.0,0
134.79,5.46,1
16.88,10.7,2
2.07,8.98,2
42.99,10.56,2
0.0,0.0,0
64.82,5.23,1
36.59,9.06,2
25.41,10.94,2
0.0,0.0,0
0.0,0.0,0
0.0,0.0,0
38.98,10.87,2
0.0,0.0,0
253.41,6.91,1
0.0,0.0,0
18.22,11.65,2
0.0,0.0,0
0.0,0.0,0
0.0,0.0,0
0.0,0.0,0
162.38,5.25,1
11.09,10.67,2
36.12,9.98,2
262.75,5.87,1
0.0,0.0,0
271.49,6.52,1
20.9,10.96,2
0.0,0.0,0
46.08,8.31,2
28.91,11.63,2
0.0,0.0,0
239.36,6.85,1
0.44,8.96,2
81.0,7.88,1
198.02,6.4,1
247.12,7.0,1
0.0,0.0,0
0.0,0.0,0
0.0,0.0,0
3.15,11.13,2
43.89,9.93,2
17.54,8.21,2
0.0,0.0,0
32.36,10.86,2
0.0,0.0,0
40.56,8.53,2
0.0,0.0,0
0.0,0.0,0
202.64,5.74,1
29.64,8.9,2
0.0,0.0,0
77.71,7.04,1
109.22,6.78,1
32.47,8.46,2
195.94,5.12,1
269.25,6.06,1
235.83,7.12,1
186.53,6.43,1
93.16,5.86,1
146.62,6.33,1
13.63,10.43,2
10.72,9.61,2
0.0,0.0,0
4.0,9.14,2
43.12,10.26,2
14.77,11.69,2
14.62,10.07,2
190.86,7.57,1
0.0,0.0,0
0.0,0.0,0
15.76,9.46,2
38.83,10.23,2
75.7,7.86,1
0.0,0.0,0
7.0,9.15,2
21.19,10.55,2
194.8,5.16,1
214.73,7.65,1
101.29,5.49,1
0.0,0.0,0
280.36,6.98,1
106.72,7.27,1
9.67,9.83,2
6.64,8.05,2
186.41,7.49,1
78.74,6.15,1
35.22,8.1,2
0.0,0.0,0
40.02,11.75,2
298.33,5.29,1
0.0,0.0,0
0.0,0.0,0
0.0,0.0,0
6.87,9.29,2
13.65,11.83,2
266.85,6.63,1
121.41,7.61,1
0.0,0.0,0
85.69,6.42,1
25.74,10.12,2
24.3,11.24,2
116.04,6.35,1
80.55,5.26,1
294.38,5.54,1
0.0,0.0,0
0.0,0.0,0
0.0,0.0,0
0.0,0.0,0
25.91,11.23,2
0.0,0.0,0
0.0,0.0,0
224.33,6.56,1
0.4,8.4,2
155.61,7.49,1
154.88,7.82,1
0.0,0.0,0
5.71,10.87,2
0.0,0.0,0
31.27,8.64,2
0.0,0.0,0
66.79,6.57,1
47.26,11.9,2
95.7,6.64,1
0.0,0.0,0
132.23,6.03,1
18.16,11.39,2
11.46,9.26,2
0.0,0.0,0
0.0,0.0,0
37.24,10.96,2
0.0,0.0,0
0.0,0.0,0
161.2,5.52,1
0.0,0.0,0
251.79,6.6,1
2.7,8.09,2
0.0,0.0,0
241.48,7.08,1
176.59,7.33,1
0.0,0.0,0
154.18,6.65,1
39.72,11.31,2
0.0,0.0,0
0.0,0.0,0
14.67,10.46,2
0.0,0.0,0
37.43,11.69,2
14.3,8.9,2
4.24,10.69,2
29.49,8.52,2
29.29,8.48,2
87.41,5.98,1
0.0,0.0,0
15.19,11.17,2
44.85,8.76,2
144.81,6.97,1
0.0,0.0,0
260.8,7.42,1
0.0,0.0,0
18.05,10.0,2
20.44,11.56,2
269.13,7.67,1
0.0,0.0,0
46.14,11.71,2
0.0,0.0,0
0.0,0.0,0
30.59,10.67,2
0.0,0.0,0
12.2,10.9,2
20.93,8.29,2
0.0,0.0,0
0.0,0.0,0
247.69,5.94,1
163.16,5.61,1
0.0,0.0,0
86.51,5.46,1
39.39,10.72,2
23.87,9.93,2
46.59,10.49,2
122.84,5.25,1
12.11,11.96,2
0.0,0.0,0
35.12,9.27,2
0.0,0.0,0
0.0,0.0,0
15.23,10.31,2
35.65,10.08,2
173.02,5.93,1
216.04,5.57,1
37.14,11.66,2
0.0,0.0,0
3.49,10.99,2
25.29,11.08,2
46.6,10.72,2
0.0,0.0,0
11.8,9.66,2
47.66,10.45,2
42.67,9.29,2
0.0,0.0,0
21.35,9.04,2
210.67,6.01,1
94.75,5.99,1
48.03,11.15,2
0.0,0.0,0
0.0,0.0,0
44.39,10.41,2
31.91,8.01,2
172.83,7.41,1
82.37,5.68,1
89.67,6.47,1
173.3,6.2,1
170.18,6.68,1
32.04,10.07,2
0.0,0.0,0
249.59,6.27,1
3.97,9.57,2
40.16,11.58,2
132.16,7.87,1
188.61,6.59,1
1.16,10.39,2
10.45,8.91,2
0.0,0.0,0
0.0,0.0,0
0.0,0.0,0
0.0,0.0,0
0.0,0.0,0
31.61,8.62,2
0.0,0.0,0
14.01,11.34,2
0.0,0.0,0
26.66,8.46,2
17.5,10.88,2
3.18,8.18,2
0.0,0.0,0
0.0,0.0,0
0.0,0.0,0
47.8,11.01,2
252.44,5.69,1
225.48,7.93,1
34.9,10.45,2
0.0,0.0,0
76.61,7.54,1
6.6,11.52,2
0.0,0.0,0
0.0,0.0,0
47.23,9.81,2
0.0,0.0,0
22.57,11.64,2
0.0,0.0,0
8.59,9.81,2
0.0,0.0,0
90.53,6.5,1
0.0,0.0,0
117.11,6.68,1
124.55,5.58,1
105.15,6.57,1
93.13,6.63,1
26.3,8.38,2
14.16,10.31,2
0.0,0.0,0
1.87,8.85,2
4.78,11.68,2
227.02,5.42,1
177.18,7.03,1
0.0,0.0,0
269.02,6.08,1
0.0,0.0,0
235.39,5.46,1
31.22,9.86,2
0.0,0.0,0
30.68,10.63,2
36.33,8.82,2
96.34,6.39,1
0.0,0.0,0
263.52,7.99,1
11.28,11.37,2
93.05,5.45,1
0.0,0.0,0
0.0,0.0,0
0.0,0.0,0
44.98,9.64,2
0.0,0.0,0
272.11,5.26,1
5.7,10.88,2
110.09,6.34,1
20.99,10.03,2
18.54,10.02,2
112.18,5.98,1
25.99,9.59,2
37.78,8.78,2
138.9,6.94,1
0.55,8.12,2
0.0,0.0,0
289.46,6.34,1
0.0,0.0,0
0.0,0.0,0
0.0,0.0,0
23.71,8.84,2
37.97,10.0,2
30.1,10.16,2
48.71,11.69,2
1.42,8.64,2
11.7,8.44,2
0.0,0.0,0
155.29,5.25,1
43.52,9.29,2
49.25,9.38,2
0.0,0.0,0
102.68,7.42,1
228.98,6.63,1
48.48,9.99,2
255.87,6.37,1
282.13,6.47,1
283.77,7.35,1
113.01,7.29,1
0.0,0.0,0
0.0,0.0,0
38.74,9.34,2
74.13,5.07,1
39.39,9.82,2
0.0,0.0,0
30.16,8.28,2
0.54,10.13,2
41.27,9.3,2
0.0,0.0,0
116.62,7.76,1
1.64,8.28,2
218.26,5.54,1
0.0,0.0,0
38.76,8.37,2
0.0,0.0,0
142.23,5.8,1
0.0,0.0,0
0.0,0.0,0
165.99,6.55,1
0.0,0.0,0
115.7,5.63,1
0.0,0.0,0
65.73,5.68,1
0.0,0.0,0
0.0,0.0,0
21.85,10.99,2
0.0,0.0,0
238.77,5.78,1
42.57,9.07,2
0.0,0.0,0
0.0,0.0,0
0.0,0.0,0
128.68,7.18,1
0.0,0.0,0
174.27,7.39,1
11.78,8.62,2
298.22,6.27,1
7.92,10.7,2
167.55,5.46,1
164.15,5.84,1
0.0,0.0,0
13.25,10.15,2
0.0,0.0,0
0.0,0.0,0
80.97,6.77,1
35.6,9.94,2
0.0,0.0,0
0.0,0.0,0
0.0,0.0,0
16.89,10.83,2
232.69,6.08,1
39.51,10.45,2
0.0,0.0,0
14.06,11.09,2
20.23,11.0,2
0.0,0.0,0
10.89,11.01,2
150.21,5.39,1
0.0,0.0,0
5.24,8.69,2
0.0,0.0,0
0.0,0.0,0
299.93,6.55,1
0.0,0.0,0
0.0,0.0,0
2.67,11.55,2
79.38,5.57,1
2.97,11.64,2
44.4,8.76,2
11.04,9.2,2
0.0,0.0,0
40.09,8.59,2
0.0,0.0,0
44.27,11.09,2
0.0,0.0,0
227.17,5.06,1
228.78,6.69,1
0.0,0.0,0
5.51,10.65,2
77.75,6.22,1
0.0,0.0,0
42.52,10.49,2
181.29,6.51,1
35.41,8.56,2
8.32,8.05,2
8.96,11.87,2
0.0,0.0,0
45.51,9.94,2
0.0,0.0,0
30.18,9.15,2
0.0,0.0,0
154.18,5.43,1
18.22,8.14,2
0.0,0.0,0
10.98,11.9,2
33.89,11.45,2
0.0,0.0,0
225.86,5.14,1
37.32,9.89,2
41.82,11.08,2
280.99,7.75,1
15.25,8.87,2
12.78,9.84,2
47.97,11.09,2
13.25,10.12,2
0.0,0.0,0
2.57,8.05,2
0.0,0.0,0
0.0,0.0,0
11.52,9.25,2
26.86,10.7,2
41.82,9.93,2
34.38,9.58,2
34.55,9.58,2
158.11,7.05,1
0.0,0.0,0
85.24,6.97,1
0.0,0.0,0
46.22,11.26,2
0.0,0.0,0
267.71,6.5,1
21.58,9.94,2
0.0,0.0,0
9.13,11.48,2
281.81,5.23,1
0.0,0.0,0
90.96,6.91,1
111.03,5.7,1
45.69,8.5,2
0.0,0.0,0
0.0,0.0,0
299.58,6.18,1
0.0,0.0,0
46.41,11.85,2
32.73,10.94,2
205.97,7.94,1
0.0,0.0,0
189.68,6.34,1
0.0,0.0,0
130.36,7.6,1
119.54,5.16,1
4.08,10.78,2
156.83,7.42,1
64.09,6.72,1
144.85,5.25,1
0.0,0.0,0
0.0,0.0,0
38.05,10.7,2
40.44,8.24,2
0.0,0.0,0
46.62,8.26,2
0.0,0.0,0
0.0,0.0,0
116.99,6.24,1
0.0,0.0,0
32.24,10.08,2
46.88,9.13,2
9.48,8.24,2
180.15,5.97,1
208.72,5.47,1
103.65,6.89,1
81.68,7.06,1
142.79,6.77,1
0.0,0.0,0
0.0,0.0,0
232.51,5.38,1
30.83,11.63,2
260.11,6.97,1
0.84,9.58,2
6.37,10.7,2
0.0,0.0,0
134.75,5.31,1
128.13,6.19,1
61.95,6.31,1
0.0,0.0,0
151.05,7.69,1
0.0,0.0,0
0.0,0.0,0
0.0,0.0,0
0.0,0.0,0
135.37,7.49,1
0.0,0.0,0
48.1,10.56,2
132.95,6.92,1
148.13,5.51,1
41.55,11.86,2
13.11,9.96,2
77.93,6.95,1
155.62,5.27,1
0.0,0.0,0
0.0,0.0,0
265.45,5.17,1
0.0,0.0,0
280.24,5.57,1
0.0,0.0,0
242.52,7.58,1
0.0,0.0,0
97.38,5.18,1
184.19,6.02,1
0.0,0.0,0
34.74,10.15,2
144.05,7.47,1
44.63,12.0,2
3.79,8.37,2
179.33,6.43,1
0.0,0.0,0
49.96,10.62,2
9.99,10.47,2
244.08,5.45,1
65.5,5.92,1
32.55,11.35,2
0.0,0.0,0
190.11,6.41,1
0.0,0.0,0
0.0,0.0,0
105.49,6.1,1
0.0,0.0,0
141.4,6.87,1
0.0,0.0,0
0.0,0.0,0
0.0,0.0,0
3.4,8.76,2
0.0,0.0,0
146.11,5.34,1
0.0,0.0,0
0.0,0.0,0
232.28,7.87,1
252.95,6.3,1
215.13,7.98,1
32.17,10.16,2
20.42,8.13,2
0.0,0.0,0
0.0,0.0,0
124.03,5.64,1
0.0,0.0,0
0.0,0.0,0
256.18,6.7,1
0.0,0.0,0
0.0,0.0,0
73.3,6.78,1
16.28,11.11,2
44.43,11.81,2
17.5,10.69,2
0.0,0.0,0
96.71,7.0,1
19.85,10.09,2
281.65,7.62,1
7.11,9.75,2
0.0,0.0,0
7.96,9.68,2
30.91,11.52,2
0.0,0.0,0
35.91,8.72,2
0.0,0.0,0
32.5,8.4,2
0.0,0.0,0
0.0,0.0,0
127.58,5.95,1
0.0,0.0,0
3.79,11.01,2
5.74,10.99,2
40.22,8.34,2
0.0,0.0,0
146.23,6.01,1
202.88,5.53,1
15.88,9.57,2
259.23,5.22,1
174.7,6.98,1
0.0,0.0,0
0.0,0.0,0
17.88,11.1,2
0.0,0.0,0
13.55,10.5,2
5.61,10.01,2
0.0,0.0,0
0.0,0.0,0
0.0,0.0,0
176.58,7.07,1
0.0,0.0,0
13.91,10.99,2
44.3,8.6,2
0.0,0.0,0
17.36,11.09,2
10.44,10.5,2
26.72,11.37,2
266.27,6.41,1
36.13,10.25,2
179.96,7.14,1
210.97,5.31,1
0.0,0.0,0
196.93,6.84,1
212.91,7.91,1
0.0,0.0,0
47.14,10.64,2
0.0,0.0,0
112.55,5.39,1
104.05,7.46,1
4.54,9.1,2
0.0,0.0,0
106.24,5.81,1
0.0,0.0,0
0.0,0.0,0
168.98,7.05,1
1.87,11.52,2
0.0,0.0,0
13.66,9.83,2
0.0,0.0,0
0.0,0.0,0
8.54,8.09,2
80.78,5.26,1
0.0,0.0,0
0.0,0.0,0
16.43,10.52,2
13.15,11.96,2
17.86,9.83,2
0.0,0.0,0
0.0,0.0,0
8.87,11.39,2
111.98,7.22,1
34.59,9.55,2
271.74,6.13,1
170.75,6.74,1
88.73,6.46,1
222.22,5.65,1
163.66,6.37,1
36.61,10.63,2
0.0,0.0,0
10.51,10.47,2
137.82,6.07,1
28.96,9.05,2
32.04,10.72,2
0.0,0.0,0
166.93,6.59,1
208.87,5.12,1
251.44,7.15,1
37.16,11.07,2
172.07,6.63,1
0.0,0.0,0
3.78,9.18,2
38.0,8.67,2
22.57,8.04,2
0.0,0.0,0
8.32,10.43,2
0.0,0.0,0
16.33,10.55,2
32.7,8.38,2
88.12,5.67,1
35.13,11.66,2
94.34,5.79,1
10.79,11.48,2
4.75,9.92,2
48.21,10.17,2
110.27,5.71,1
177.24,5.97,1
181.11,7.44,1
295.82,5.16,1
295.96,6.17,1
0.52,9.51,2
0.0,0.0,0
33.38,9.52,2
155.05,5.81,1
